region,site,plot,long,lat,HAND,HAND_floo,dsl,prec,storm,logSB,logCa,logMg,logK,logAl,pH,logHAND,lma.cwM,lma.cwSD,alt.cwM,alt.cwSD,ses.cwM,ses.cwSD,pc1.cwM,pc1.cwSD,pc2.cwM,pc2.cwSD,riq,Al2,site2
BR319,BR319_M01,M01_TN_1500,-59.84685821,-3.350999896,-0.7458526886726967,-1.1038632024997361,-0.2907927589502741,0.2537957974059979,0.13033898035603972,-0.15019344881999563,0.2247674316488797,-0.07719021884947905,-1.0915803915569517,0.25725635443362993,0.06059867959101004,-0.7542745964308907,59.04195275795455,8.486958622717882,1.9227272727272728,2.7866234532620786,0.3348796065993483,0.2440212805047839,-1.2216827040683054,1.5324222361150874,0.2693610600302827,0.7181448789154342,3,0.04736690998451109,BR319_M01
BR319,BR319_M01,M01_TN_2500,-59.83823148,-3.348887237,-0.9001255124607376,-1.2849093421870312,-0.2907927589502741,0.2537957974059979,0.08212336633135339,-0.5287143243600247,-0.3915601223077018,-0.6491439107729605,0.162221988602563,1.199091177237285,-3.505009124130378,-1.424068328966718,36.559200000000004,0,0.2,0,0.1443169125,0,1.5172837859353812,0,-0.33710975843635194,0,1,1.7895136713740505,BR319_M01
BR319,BR319_M01,M01_TN_3500,-59.8295038,-3.3464562,-0.49124179209022945,-1.0435144892706378,-0.2907927589502741,0.2537957974059979,0.08367978915499631,0.24289676262122928,0.72932815502626,-0.15293205671052057,-0.7617872274586978,0.24337586282816887,0.6295786482699545,-0.16862439181095235,28.237422362179274,7.3842156339786245,1.8055003819709703,1.3603719352458774,0.4662679096409015,0.2761644445067804,0.03583487061080638,1.3599961080792236,1.0840125885988603,0.9482025885320139,9,0.028141055396372575,BR319_M01
BR319,BR319_M01,M01_TS_0500,-59.85303702,-3.362924997,-0.5123783836958351,-0.5017037418997929,-0.2907927589502741,0.2537957974059979,0.1720753093805869,-0.4930172597638428,-0.3915601223077018,-0.42108069176705387,-0.028359851750450665,1.0293527583483606,-0.015265316232849331,-0.2059353949234675,53.15349612986111,19.01325374428752,1.75,1.8811263550427342,0.41462478043333334,0.15475363068624154,-1.0946632627490913,1.451916248720029,0.7094856474160841,0.28453128762249197,3,1.4015072657290535,BR319_M01
BR319,BR319_M01,M01_TS_1500,-59.84451103,-3.36066599,-0.5245258501358384,-1.073688845885187,-0.2907927589502741,0.2537957974059979,0.174335095878156,-0.5659308622325807,-0.6111318959296795,-0.15293205671052057,-1.0915803915569517,0.9258416302167808,-0.07216331310074428,-0.22803856573490736,54.42947709493181,11.442751588627216,1.7409090909090912,1.0288286407818474,0.40394455543636365,0.09114183917948691,-1.367183042860355,0.49066865614414723,0.6724608633147526,0.18872445737796847,4,1.1829557217209352,BR319_M01
BR319,BR319_M01,M01_TS_2500,-59.83487251,-3.358089477,-0.887249198034334,-0.8741759999497878,-0.2907927589502741,0.2537957974059979,0.13203826324562387,-1.2109291634780124,-1.2090759734895817,-2.0660020392050376,-0.24141222300743073,0.3649877576931658,1.0657966242571446,-1.346992762089571,46.66077569286034,13.039806594722378,1.480680856521667,1.690234692580957,0.30041683148098103,0.21493789457657372,-0.6120890933835695,1.0655368586349754,0.17454665819141624,1.065467895821937,8,0.20196155086378548,BR319_M01
BR319,BR319_M01,M01_TS_3500,-59.82702739,-3.356154431,-0.5394672338570422,-1.0435144892706378,-0.2907927589502741,0.2537957974059979,0.13264934888652669,0.5241077014413873,0.9769717946489945,0.12124637222373225,-0.7617872274586978,-0.04138206080710843,0.6106126493139901,-0.25592664678960153,43.13765373991721,12.964880622717745,1.5607714382249014,0.6706029909146344,0.25556838475336424,0.21078229621408567,-0.5501942356360674,0.5976678621359419,-0.288539983235784,1.5026841552836072,11,-0.3339947454188895,BR319_M01
BR319,BR319_M02,M02_TN_2500,-60.3158259,-3.6779217,-0.8381126962845211,-0.8253538909474473,-1.001834424769664,0.2670387996714357,0.4658243136712309,-1.2942737840712206,-1.2090759734895817,-1.651597602217675,-1.0915803915569517,0.4312462538743548,0.5537146524460951,-1.0984442355875546,47.47793579703765,12.484960371623082,1.698671096345515,1.1966150141587921,0.48488103059057064,0.2111649351374431,-0.969757678904,0.7377887311477895,0.9354422022599207,0.5951586064447378,11,0.3019482770860896,BR319_M02
BR319,BR319_M02,M02_TN_3500,-60.3081604,-3.6731894,-0.6830502871778802,-0.6712836260735593,-1.001834424769664,0.26959246381352947,0.47191739801464994,-0.7802798258540586,-0.4921542709203511,-0.6491439107729605,-1.0915803915569517,0.5202824132678311,0.2312926701946932,-0.5742496452831168,54.4435361642316,10.814887262531443,2.180952380952381,1.506500330524284,0.6082330777385282,0.2771784381439474,-1.5333581263005238,0.802108575095566,1.132839512960416,0.5981767375646129,8,0.4424976226217415,BR319_M02
BR319,BR319_M02,M02_TN_4500,-60.3009325,-3.6686552,-0.5559877882154466,-0.5450341179982855,-1.001834424769664,0.26959246381352947,0.4395312261287205,-0.8302623809702114,-0.6111318959296795,-0.6491439107729605,-1.0915803915569517,0.4461239549839938,0.6106126493139901,-0.2877141062394505,51.765238243323616,12.919883997275114,1.2845959717398618,0.8448452895160802,0.4158637541907201,0.22792159921917762,-0.9139961320577734,0.8662341889201739,0.6657145663759036,0.5787485646179625,12,0.3249319979329517,BR319_M02
BR319,BR319_M02,M02_TS_1500,-60.3189989,-3.690508,-0.924359708008544,-0.911049063732767,-1.001834424769664,0.33240722534447326,0.5320020177089727,-0.6048020016404765,-0.30442150722551303,-0.5287641010142742,-0.7617872274586978,0.6371949627855186,0.21232667123872878,-1.5879337576962853,49.816415199031006,11.114041451226026,2.286046511627907,1.5591642965292107,0.7232055879744186,0.44700923611318477,-1.3783111566901236,0.9210145568724196,1.288076078555006,0.9053073974283351,10,0.6384146463227564,BR319_M02
BR319,BR319_M02,M02_TS_2500,-60.3113017,-3.6858035,-0.920836942740943,-0.9075488383654793,-1.001834424769664,0.32123126328111684,0.4984647628037125,-0.2771488228659907,-0.30442150722551303,-0.006676254779691658,-0.028359851750450665,0.7026179213986808,0.07956467854697447,-1.562345590250957,48.03483241116947,11.795669432001809,1.4759103641456583,1.2123187695157789,0.4541218353367371,0.31204254776013585,-0.8854696261880188,0.7757533449579823,0.7939173949022833,0.6901693536387951,9,0.7539797670492888,BR319_M02
BR319,BR319_M02,M02_TS_3500,-60.3036022,-3.6811989,-0.9000647751285374,-0.8869095784411276,-1.001834424769664,0.32123126328111684,0.5023828197317428,-0.3335849618901829,-0.09660807435393211,-0.15293205671052057,-0.48295108025762135,0.4461239549839938,0.4209526597543408,-1.4236901758471243,44.69474726301736,8.607558332309736,1.0283044058744994,0.725591125113038,0.33500363002386857,0.24618268520995984,-0.4108681598069041,0.7457072908619419,0.4318133389536475,0.6619660969572289,9,0.3249319979329517,BR319_M02
BR319,BR319_M02,M02_TS_4500,-60.296184,-3.6761514,-0.9779300350089581,-0.9642766288008316,-1.001834424769664,0.26959246381352947,0.47794349534150454,-1.2109291634780124,-1.2090759734895817,-1.651597602217675,-0.48295108025762135,0.8057716731375244,0.15542867437083382,-2.0920984955680644,45.49152628411045,8.515971697537763,1.1408730158730158,0.8532669458192105,0.36994279803343827,0.27956341757029274,-0.5468416637022102,0.8210071009288813,0.5218065176959674,0.7118104158509486,8,0.945331167261424,BR319_M02
BR319,BR319_M03,M03_TN_0500,-60.72872504,-4.127587918,-0.6465471505256705,-0.6350140494228711,-1.6527614776915314,1.1835770276226216,1.1960935278627836,-0.5287143243600247,-0.30442150722551303,-0.42108069176705387,-0.48295108025762135,0.3486292528331288,0.4209526597543408,-0.48302651652159606,48.6753318183618,11.313726591894955,1.6287267080745338,1.6405391367856448,0.41319282153438397,0.21284829284664986,-0.8007290349435952,1.1773177460658768,0.6675988500260485,0.5772100931539025,13,0.17786116776959565,BR319_M03
BR319,BR319_M03,M03_TN_1500,-60.72544067,-4.135969738,-0.6124735071614615,-0.601158421301347,-1.6683131605377337,1.2173014782602933,1.1802463136584063,-0.5659308622325807,-0.6111318959296795,-0.23473947378559779,-0.48295108025762135,1.2338226574923845,-0.3945852953521462,-0.4049077711585972,49.43155374832741,11.444280803842448,1.4666226946384961,1.3499127683001348,0.4062753265930038,0.23596495605219192,-0.8031959022016463,0.9657650918691998,0.6225094612435761,0.6495169664347256,13,1.8737194717774432,BR319_M03
BR319,BR319_M03,M03_TN_2500,-60.72227013,-4.14447628,-0.5622437334320483,-1.0151505940529617,-1.6683131605377337,1.2173014782602933,1.1641311513877715,-0.8302623809702114,-0.6111318959296795,-0.6491439107729605,-1.0915803915569517,0.10176774120155026,-0.1859593068365342,-0.3000253088228926,50.86719637714711,8.938644617209789,1.0307590246846554,0.8126524694975837,0.3285487111018576,0.18566969556494015,-0.64394841482632,0.8289009257750474,0.37261780185028837,0.5346154019559161,12,-0.15941240398517867,BR319_M03
BR319,BR319_M03,M03_TN_3500,-60.71902852,-4.152825913,-0.5936449341794565,-0.5824503202003264,-1.6683131605377337,1.2173014782602933,1.1413241228705486,-0.3632303992163067,0.012406452457029395,-0.42108069176705387,-0.7617872274586978,0.6915904832917608,-0.015265316232849331,-0.3642678051001791,49.863975780302276,10.845594364088587,1.899254658385093,1.9957447663318288,0.41869805079443734,0.2279955966756114,-0.913171674438715,1.3291280780322168,0.6608488266702821,0.5824539216986659,16,0.7341922936564265,BR319_M03
BR319,BR319_M03,M03_TN_4500,-60.71582026,-4.161277302,-0.11011503253512873,-0.10201421418347453,-1.6683131605377337,1.2173014782602933,1.121850040197899,-0.3335849618901829,0.012406452457029395,-0.32366919911047975,-0.7617872274586978,0.8250011104271462,-0.3376872984842521,0.3361892235058799,40.78510524326182,15.348761106157106,1.0494347379239464,1.6057066497899857,0.38864667409331566,0.16066311619049295,-0.17986751349038968,1.2008786437113936,0.8156937377464237,0.5195934577214166,11,0.9822841762200111,BR319_M03
BR319,BR319_M03,M03_TS_0500,-60.73597597,-4.133011345,-0.42139386006021096,-0.41130136948260354,-1.6683131605377337,1.2173014782602933,1.1851650745889921,-0.42571816551055663,-0.3915601223077018,-0.42108069176705387,0.3346242339605516,0.8712795078638657,0.19336067228276269,-0.05453924642031348,45.21185562096561,11.276064035206034,1.5587301587301587,1.645949489942136,0.4810446876615079,0.3268648253295119,-0.6393695033318332,1.2317090414993115,0.8667349368035461,0.6955489810108288,10,1.0729231363036509,BR319_M03
BR319,BR319_M03,M03_TS_3500,-60.72572138,-4.157924037,-0.38750242869260204,-0.37762678750076667,-1.6683131605377337,1.2173014782602933,1.1460186823579408,-0.8302623809702114,-0.7567487403575472,-0.9431685380016365,-0.48295108025762135,0.9870648393402227,-0.2618233026603927,-0.0036246166236165245,38.48216711350183,13.815730346746909,0.8791208791208791,1.4720166083222914,0.3920748311226528,0.15359479512558508,-0.023697516343174272,1.1993168443088205,0.8814696681903301,0.39086906784105024,9,1.3106347805750143,BR319_M03
BR319,BR319_M04,M04_TN_(-)0500,-60.94880347,-4.376303041,-0.905834821687539,-1.000666902877978,-1.7128760905890539,1.8131665165495001,1.2937414588660843,-0.3632303992163067,-0.4921542709203511,-0.32366919911047975,0.6368007627561305,0.6747804980147026,1.141660620081004,-1.4602817511548838,56.33568536673853,9.889635301425793,2.827019163300852,1.896660138232598,0.4813705869599766,0.1350418303644223,-1.7436794386056116,1.1425294292219486,0.8351416939538332,0.2934021892445087,6,0.7042709324115103,BR319_M04
BR319,BR319_M04,M04_TN_1500,-60.93640907,-4.390661912,-0.7750066081287045,-0.7626515779024141,-1.651894416484463,1.8441722454584992,1.2795798567315813,-0.7330003846385286,-0.9444815040523856,-1.1295097559830927,0.3346242339605516,0.344490706348592,0.34508866393048143,-0.8505792195032861,66.71804827586207,8.445217788514212,1.6655172413793105,0.7737501666483501,0.31358139492342246,0.17084579930571986,-1.6641569851476246,0.24915044207670356,0.14161068955768671,0.7329085968431704,4,0.17180012166798977,BR319_M04
BR319,BR319_M04,M04_TN_2500,-60.92947187,-4.396076454,-0.8390237562675213,-0.8262591216458838,-1.651894416484463,1.8441722454584992,1.2333383090725882,-0.3939162372011859,-0.4921542709203511,-0.32366919911047975,0.3346242339605516,0.4607494794898279,-0.3187212995282868,-1.1025237352557031,67.88719234550781,8.997065635821196,1.678125,0.9552740321260144,0.2891711430377701,0.18632914353859456,-1.6907439710369918,0.28283311943046924,0.029352923683345605,0.7712649038979952,5,0.3477201019721538,BR319_M04
BR319,BR319_M04,M04_TN_3500,-60.92283583,-4.401942361,-0.8880387833529344,-0.8749605332217661,-1.651894416484463,1.8441722454584992,1.2582834537919851,-0.3335849618901829,-0.6111318959296795,-0.23473947378559779,0.7708512999018932,-0.3317190035838093,0.21232667123872878,-1.351548775754908,54.07153187685185,9.94123704779828,2.138888888888889,1.8459555366579046,0.45832567122405604,0.17355090263509199,-1.3869766058966058,1.0705855437555083,0.7917376753713476,0.3875004574669155,7,-0.6465705787065461,BR319_M04
BR319,BR319_M04,M04_TS_0500,-60.94880104,-4.38789748,-0.9455570369463495,-0.9321107646497223,-1.651894416484463,1.8441722454584992,1.3094697369390098,-0.42571816551055663,-0.6111318959296795,-0.42108069176705387,0.49201515270081714,0.6101806953740005,-0.2807893016163571,-1.7578250882717394,57.04780560224089,8.06186340956083,2.057703081232493,1.1163395100740021,0.4973607055906365,0.20964386766039758,-1.618253361387819,0.5713151935623615,0.8867339407289165,0.4051080321950678,5,0.591959140762509,BR319_M04
BR319,BR319_M04,M04_TS_2500,-60.93637596,-4.40093318,-0.7764643041015049,-0.7640999470199126,-1.651894416484463,1.8441722454584992,1.302963793840438,-0.5287143243600247,-0.9444815040523856,-0.5287641010142742,0.49201515270081714,-0.009537661570003743,0.9140686326094258,-0.8556517939564862,51.85860216611345,9.715705778223352,2.0831932773109245,1.3582326451559568,0.5403107658588414,0.3360519662831972,-1.347994118239722,0.9801782560699603,0.8806093748762964,0.8674042182579026,8,-0.29640069291298726,BR319_M04
BR319,BR319_M04,M04_TS_3500,-60.930502,-4.4079433,-0.9867976855101603,-0.9730875409322799,-1.651894416484463,1.8441722454584992,1.302963793840438,-0.4930172597638428,-0.9444815040523856,-0.5287641010142742,0.6368007627561305,0.2799055625479028,0.36405466288644583,-2.2077509908708355,59.92840987224158,10.979765472744331,1.4118466898954702,0.821030481654206,0.4445421815243588,0.17433559364090892,-1.308307534073521,0.6121995060680355,0.7103834372746061,0.5388515024652061,8,0.07907223205153976,BR319_M04
BR319,BR319_M05,M05_TN_(-)0500,-61.2437315,-4.6161247,-0.6325168267874668,-0.6210734966669494,-1.7128760905890539,2.6017277022349767,1.4019186552077312,0.0774128374775113,0.10578980663955104,0.33721421813788344,0.6368007627561305,0.5727935353805261,-0.3187212995282868,-0.4501033435673294,53.24728617099277,8.43024863362702,1.5520408163265305,1.268110158231923,0.4349639620768234,0.3174587814677208,-1.078773974227072,0.7554992603030602,0.6069229029063664,0.7391154767682376,12,0.5288536510498243,BR319_M05
BR319,BR319_M05,M05_TN_0500,-61.2500883,-4.6096445,-0.7306076182904927,-0.7185366685319432,-1.7128760905890539,2.6017277022349767,1.4276498720602828,-0.9397121237277187,-1.2090759734895817,-0.9431685380016365,-0.24141222300743073,0.2339965825703441,-0.2997553005723224,-0.7074436359535906,51.0881467873687,5.590487122886435,0.9203781512605042,0.7309086453493814,0.3670028329679224,0.1390942050643715,-0.6047923065407429,0.5894695429839466,0.595706110539159,0.4330187240059396,9,0.015237095862472943,BR319_M05
BR319,BR319_M05,M05_TN_1500,-61.257797,-4.6032769,-0.7633450403463014,-0.7510646249624272,-1.7128760905890539,2.6017277022349767,1.4276498720602828,-0.3632303992163067,-0.7567487403575472,-0.07719021884947905,0.49201515270081714,0.5469373600537516,0.30715666601855257,-0.8109159858729609,52.59092469387755,8.424268820284809,1.0087755102040816,0.6518647538112885,0.3670953297583915,0.21911911267546513,-0.740436040873782,0.5295214681958972,0.5084500839747726,0.5559235608129274,11,0.48600404374274264,BR319_M05
BR319,BR319_M05,M05_TN_2500,-61.2654359,-4.5974244,-0.9167675414835419,-0.9035054745791297,-1.7128760905890539,2.6838877274959203,1.4608754322762234,-0.6881466222336847,-1.2090759734895817,-1.1295097559830927,0.6368007627561305,0.3928894819295103,0.5347486534901307,-1.5335943865286055,55.833712564543895,12.488689059176634,1.0671256454388984,0.5564395744373327,0.2895148637563295,0.0961905548804105,-0.8440704914144075,0.7688619890763526,0.21680034088095795,0.4753614527835171,10,0.24359894904269078,BR319_M05
BR319,BR319_M05,M05_TN_3500,-61.2721843,-4.5913411,-0.9167068041513419,-0.9034451258659005,-1.7128760905890539,2.6838877274959203,1.46834653524611,-0.7802798258540586,-0.9444815040523856,-1.1295097559830927,0.3346242339605516,0.9909959864035163,-0.5273472880439005,-1.5331715818434846,50.329766764744605,8.481425925962549,0.8814838749850037,0.4883885949819199,0.3461996829281879,0.10084404158607069,-0.5589532459572168,0.5504166532586948,0.5354641918835584,0.45050364312227253,13,1.3189888546547217,BR319_M05
BR319,BR319_M05,M05_TS_1500,-61.2637139,-4.6104867,-0.7583038417737,-0.7460556817644121,-1.7128760905890539,2.6017277022349767,1.413292777203971,-0.64548173869522,-0.7567487403575472,-1.1295097559830927,0.49201515270081714,0.3319546221113174,-0.0911293120567087,-0.794254139851283,51.800372664835166,6.047475139544655,0.9627747252747253,0.4380419915238766,0.3054671775759809,0.16863974008541668,-0.6604581795938897,0.5677571583467608,0.28084051351065714,0.5095145366011359,11,0.15352903422790584,BR319_M05
BR319,BR319_M05,M05_TS_3500,-61.2765402,-4.5977462,-0.7539914911874989,-0.7417709231251461,-1.7128760905890539,2.6838877274959203,1.46834653524611,-0.4930172597638428,-0.6111318959296795,-0.5287641010142742,0.49201515270081714,0.5791383087310471,-0.1100953110126748,-0.7802223977689228,51.651084997892966,9.392441914134293,1.0600505689001265,0.7599754664895806,0.37634457748877304,0.16039829221289134,-0.7233529475490906,0.6995110117173992,0.6032384239829445,0.5006039154599122,14,0.53946685676545,BR319_M05
BR319,BR319_M06,M06_TN_(-)0500,-61.5706098,-4.9844877,-0.4469035395842178,-0.43664782903882493,-1.3463657039949402,1.8981792088248934,1.601913177947635,-0.3335849618901829,-0.1588046627976451,-0.15293205671052057,-0.48295108025762135,-0.13735702498417818,-0.12906130996863924,-0.09468410888683099,51.733071207087484,6.5832279563654374,1.1840531561461793,1.1085580712313274,0.49525504715813834,0.38424779410904225,-0.8145478790557912,0.8109180598168848,0.8410939989260054,0.7945402847497444,9,-0.44319177233375245,BR319_M06
BR319,BR319_M06,M06_TN_0500,-61.5632565,-4.989609,-0.9617739046437538,-0.9482238710818914,-1.3463657039949397,1.8701526447427066,1.5898650845398385,-0.8832759847035268,-0.7567487403575472,-0.9431685380016365,-0.7617872274586978,0.5947990886555168,-0.3376872984842521,-1.91110460562758,61.12115603864734,11.378665171011903,0.8376811594202899,0.7519140090479652,0.2913033287567609,0.1547195351406375,-0.8876910061235274,0.4066760344480241,0.21850325042622618,0.5609823357561676,4,0.565831019151298,BR319_M06
BR319,BR319_M06,M06_TN_1500,-61.5559678,-4.9944897,-0.3831293407742009,-0.3732816801482716,-1.3463657039949397,1.8701526447427066,1.547637289546825,-0.9397121237277187,-0.9444815040523856,-0.7856192830655175,-0.7617872274586978,0.8530648940663386,-0.41355129430811144,0.0027566628257351677,54.61429016563147,10.52238415639795,1.086024844720497,0.738222445488168,0.387781980690061,0.24825202237118807,-0.8572466766077852,0.6293446986724712,0.5459797565554791,0.5941110776253482,10,1.036958412118846,BR319_M06
BR319,BR319_M06,M06_TN_2500,-61.5487995,-4.9992061,-0.6641609768636753,-0.6525151762593097,-1.3463657039949397,1.8701526447427066,1.534346518627659,-0.8832759847035268,-0.7567487403575472,-0.7856192830655175,-0.7617872274586978,0.8368054708233046,-0.0911293120567087,-0.5259869261328706,55.794936507936505,12.224669921738597,1.1265873015873016,0.6819089375658977,0.32523276152655656,0.21940740124571942,-0.888501178627841,0.8427992600308192,0.28558841027525017,0.6041955450484424,7,1.005173299505464,BR319_M06
BR319,BR319_M06,M06_TN_3500,-61.5411712,-5.0041793,-0.784724581280707,-0.7723073720190698,-1.3463657039949397,1.8701526447427066,1.4987299320449614,-0.08201946039614871,-0.03982703778831659,0.12124637222373225,0.49201515270081714,0.27091709285544885,0.45888465766627135,-0.8849025537664469,51.493828388496595,9.066848970619812,1.6673469387755102,1.3474262504391148,0.5477249946254225,0.36396115291371367,-1.076903575328908,0.9832558354283866,0.905704497293015,0.8041931127764037,13,0.06643996905752814,BR319_M06
BR319,BR319_M06,M06_TS_(-)0500,-61.5772343,-4.9909309,-0.8977567565049369,-0.8846163273384219,-1.3463657039949402,1.8981792088248934,1.5749843972887476,-0.5659308622325807,-0.3915601223077018,-0.5287641010142742,-0.48295108025762135,0.3403322149847003,0.21232667123872878,-1.409427302725024,59.87512724252492,11.990803035047962,1.1345514950166113,0.5367442661347583,0.3039501192687426,0.16319458721187463,-1.04755472398635,0.7698910677727828,0.20971486407954937,0.5585002010873668,7,0.16572448814784857,BR319_M06
BR319,BR319_M06,M06_TS_0500,-61.569625,-4.9961981,-0.8995788764709374,-1.0073052613331788,-1.3463657039949402,1.8981792088248934,1.5611987426961873,-0.4930172597638428,-0.3915601223077018,-0.42108069176705387,-0.24141222300743073,0.869023597329455,0.13646267541486942,-1.4206701865241702,51.06079142857143,4.558202321208124,1.1527731092436975,0.8538607095630686,0.47447784051983194,0.3338570061595799,-0.8076224064802864,0.7447851880561002,0.7983824680662599,0.7248375935696729,6,1.0684482224635212,BR319_M06
BR319,BR319_M06,M06_TS_1500,-61.5624877,-5.001225,-0.38270417944880086,-0.372859239155668,-1.3463657039949397,1.8701526447427066,1.5299267426163805,-0.42571816551055663,-0.3915601223077018,-0.07719021884947905,-0.7617872274586978,0.9363519341903108,-0.8308032713393372,0.003374856986021605,58.692742345518205,11.020626351550867,1.2492997198879552,0.6095299029867829,0.3473851497682548,0.22551102283493873,-1.1265103719423255,0.6900314524566955,0.3291665590422758,0.6497012648743449,10,1.2045538313837099,BR319_M06
BR319,BR319_M06,M06_TS_2500,-61.5555459,-5.006493,-0.7039439294546856,-0.6920435834243691,-1.3463657039949397,1.8701526447427066,1.5142586161501654,-0.03935457685768402,-0.09660807435393211,0.33721421813788344,0.162221988602563,0.7135062083053352,-0.3376872984842521,-0.6305533979000753,54.97335722268708,13.352027309625102,1.1840136054421768,0.6719946529802148,0.33678134928199055,0.2614646349197264,-0.896555466104595,0.8011719218155176,0.29500378677635586,0.7354122099322563,11,0.7736419994940218,BR319_M06
BR319,BR319_M07,M07_TN_0500,-61.9329836,-5.2660939,-0.6232240149608644,-0.6118401435428974,-0.9075789302514699,1.180514064082182,1.3413090760366575,-0.22413521913267534,-0.09660807435393211,-0.006676254779691658,-0.24141222300743073,0.3770562801265712,-0.6411432817796896,-0.42888989888814033,47.94294918819264,9.327746384153677,1.1893506493506494,0.9266360963725326,0.3920863547324916,0.2566104084108716,-0.6366821731662915,0.7654276667073282,0.5804707430934748,0.641904686651215,13,0.21988867253602262,BR319_M07
BR319,BR319_M07,M07_TN_1500,-61.9390729,-5.2600994,-0.5513717509682453,-0.540447615792874,-0.9075789302514699,1.180514064082182,1.3413090760366575,-0.19878687473134424,-0.4921542709203511,0.12124637222373225,0.6368007627561305,0.09070495777500337,-0.034231315188815434,-0.27872814471296775,51.80538966343537,9.249686835291708,1.0827664399092969,0.9535927292621069,0.35218384753989757,0.17635591736484676,-0.7188087594535771,0.6081593011811233,0.4870634618883563,0.49286858751336354,12,-0.17342666597191175,BR319_M07
BR319,BR319_M07,M07_TN_2500,-61.9452201,-5.2536796,-0.6997530535328845,-0.6878795222115612,-0.9075789302514699,1.180514064082182,1.3297025501053987,0.05900254378811382,-0.1588046627976451,0.5554970075055181,0.3346242339605516,0.9791484050257103,-0.22389130474846303,-0.6189978901286649,48.84157165980295,8.319772059649386,0.9428571428571428,0.5544199828568677,0.32592226899224586,0.15343023081762447,-0.5238440859881769,0.6022031410041114,0.41808179364919845,0.5219949360904891,9,1.293869215571964,BR319_M07
BR319,BR319_M07,M07_TN_3500,-61.9516112,-5.2471945,-0.5001701799236318,-0.4895736505407441,-0.9075789302514699,1.180514064082182,1.315478062200244,0.4906849076994002,0.35571915877810223,1.0456432823539221,0.7708512999018932,0.3770562801265712,-0.14802730892460364,-0.1842123321027672,47.792155933736474,10.369229328032882,1.3633116883116883,1.095004424017417,0.4169148652053294,0.28433424574874816,-0.7686790409463513,0.8080628600785343,0.6618338111298052,0.660897776031706,10,0.21988867253602262,BR319_M07
BR319,BR319_M07,M07_TN_4500,-61.95724483,-5.239999909,-0.9788410949919584,-0.9651818594992682,-0.9075789302514699,1.180514064082182,1.3332159507701038,-0.19878687473134424,-0.22755980148315494,0.17966496320176467,-0.028359851750450665,0.6282838479136822,0.06059867959101004,-2.1033715218091684,45.858156703571424,9.510711221586318,1.5278195488721804,1.626289431196791,0.38282929806324695,0.2683194113684951,-0.690363203097038,1.0555710227613642,0.5629846667929262,0.7014482157956405,8,0.6230100636044004,BR319_M07
BR319,BR319_M07,M07_TS_0500,-61.9381011,-5.27213,-0.8687850490455292,-0.855829991128142,-0.9075789302514699,1.180514064082182,1.3240865773697559,-1.000043399038722,-0.9444815040523856,-1.3575729749889986,-0.48295108025762135,1.025592903650479,-0.14802730892460364,-1.2460722455218487,48.89508848181548,9.599506719529316,1.4585714285714284,1.2046945612159694,0.47908586723357144,0.29786336562377125,-0.8884019765079287,0.9121793404641281,0.8368536261998829,0.6607065684819462,10,1.393337225116273,BR319_M07
BR319,BR319_M07,M07_TS_2500,-61.9506683,-5.2591936,-0.3896889726518027,-0.3797993411770143,-0.9075789302514699,1.180514064082182,1.2963033704791778,-0.8302623809702114,-0.9444815040523856,-0.5287641010142742,-1.0915803915569517,0.8250011104271462,0.30715666601855257,-0.006830888289657291,49.73558265947889,9.975230073268476,1.421832884097035,1.06170771589475,0.49226183281940505,0.3395817474590029,-0.9278128106209317,0.6909721951843109,0.8419369151846543,0.7233317458638693,11,0.9822841762200111,BR319_M07
BR319,BR319_M07,M07_TS_3500,-61.9571693,-5.2530006,-0.837201636301521,-0.8244486602490109,-0.9075789302514699,1.180514064082182,1.2963033704791778,-1.0648476081459188,-0.9444815040523856,-1.1295097559830927,-1.0915803915569517,0.44980364195868644,0.8002726388736376,-1.0943816283059498,54.42645537240537,11.079863791463499,1.1313186813186813,0.7361533689555935,0.3819451458137187,0.2824322438257419,-0.8622886734670632,0.5994761542332668,0.4664247678535515,0.7538507739745669,10,0.33064716760280705,BR319_M07
BR319,BR319_M07,M07_TS_4500,-61.96304854,-5.246971222,-0.6646468755212753,-0.6529979659651425,-0.9075789302514699,1.180514064082182,1.2838711270376153,-0.9397121237277187,-0.9444815040523856,-0.7856192830655175,-1.0915803915569517,0.3649877576931658,0.933034631565392,-0.5271991187277092,47.75284635389385,7.0583574835593215,1.4205357142857142,1.238245122247674,0.4696075767565796,0.3419915894527787,-0.7839141330195494,0.8495543138818399,0.7589576635319986,0.7781208735557806,13,0.20196155086378548,BR319_M07
BR319,BR319_M08,M08_TN_0500,-62.182479,-5.6255333,-0.7936529691141094,-0.7811786328637473,-0.4736513798413297,0.7869506869210134,1.556275880519691,-0.8832759847035268,-1.2090759734895817,-0.9431685380016365,-0.24141222300743073,0.48576239859103015,0.5347486534901307,-0.9175318211968595,51.305232799683054,12.621578446954725,1.3053803339517625,1.040489364144824,0.3964348534296593,0.26780932668524593,-0.8481759573940814,0.9149433687405866,0.5436501011003767,0.7098336367954688,11,0.38714323909407616,BR319_M08
BR319,BR319_M08,M08_TN_1500,-62.1746209,-5.6301188,-0.9495049635393505,-0.9360334310096137,-0.5135210077841449,0.7216904689550044,1.5640231340476585,-0.64548173869522,-0.7567487403575472,-0.6491439107729605,-0.028359851750450665,0.6460149914136102,0.5157826545341646,-1.7929943825842891,56.382175284208195,11.925129820412677,1.2591362126245846,0.6424439486125515,0.3742513474383904,0.23972112053175482,-1.051777667971303,0.7528562945914903,0.44403866442476037,0.6593485224651494,11,0.653740297084675,BR319_M08
BR319,BR319_M08,M08_TN_2500,-62.1672504,-5.6348502,-0.9812098509477589,-0.967535459315203,-0.5135210077841449,0.7216904689550044,1.5714122120993037,-0.5287143243600247,-0.6111318959296795,-0.5287641010142742,0.162221988602563,0.6252929080458732,0.5347486534901307,-2.1333023622668263,51.4157234568759,10.096097711355798,1.041991341991342,0.7266867360007808,0.357229690022849,0.2271233694103201,-0.6806284217666388,0.7240629110939456,0.4815051635973682,0.5354816774162672,10,0.6178574501982835,BR319_M08
BR319,BR319_M08,M08_TN_3500,-62.1587841,-5.6391968,-0.9193792467681426,-0.9061004692479809,-0.41328776377777043,0.697872766182782,1.5764881874565184,-0.5659308622325807,-0.7567487403575472,-0.5287641010142742,0.3346242339605516,-0.14463880058545237,1.2933886117287228,-1.5519495379442452,51.076496763520524,6.377565439159589,0.8791133004926108,0.7459688372366554,0.3879119954298501,0.24205592367512793,-0.5622876010246292,0.6900625422879998,0.6352269068492283,0.5345784941811947,10,-0.4512315140363598,BR319_M08
BR319,BR319_M08,M08_TN_4500,-62.151335,-5.6436243,-0.9526633048137514,-0.9391715640975268,-0.41328776377777043,0.697872766182782,1.5687983513713204,-0.4930172597638428,-0.6111318959296795,-0.5287641010142742,0.3346242339605516,0.6460149914136102,0.6106126493139901,-1.8220666801929635,52.521553254291476,8.542194953569554,1.9142857142857141,1.2489762571650829,0.6731209982023016,0.3892907308496884,-1.3776792437673084,0.7600946102764133,1.2052307259632524,0.8371843359866893,9,0.653740297084675,BR319_M08
BR319,BR319_M08,M08_TS_0500,-62.1937041,-5.6292812,-0.48796197615142856,-0.47744355918169534,-0.5135210077841449,0.7216904689550044,1.5446338104571915,-0.7330003846385286,-0.6111318959296795,-0.7856192830655175,-0.48295108025762135,0.7885870453920506,-0.22389130474846303,-0.1629598421446019,53.31605230468591,9.964885137866524,1.6167173252279634,1.1203015933429945,0.5418777557376888,0.3003106238330138,-1.2115638560577962,0.7670125564383538,0.9603872121318167,0.6676934690575257,13,0.9126542511791298,BR319_M08
BR319,BR319_M08,M08_TS_1500,-62.1859237,-5.6338213,-0.951387820837551,-0.9379042411197157,-0.5135210077841449,0.7216904689550044,1.55440571238377,-1.0648476081459188,-1.2090759734895817,-1.3575729749889986,-0.48295108025762135,0.47868952876197307,0.15542867437083382,-1.8102220503392517,52.9731023609189,10.450252795684921,2.3433035714285713,1.7533989891128572,0.5920990529589286,0.30390185664409197,-1.4996525684560686,1.0043721530135294,1.076986393282888,0.6496844660640255,8,0.3759376085572822,BR319_M08
BR319,BR319_M08,M08_TS_2500,-62.1782335,-5.6384468,-0.7865467012467074,-0.7741178334159428,-0.5135210077841449,0.7216904689550044,1.5640231340476585,-0.64548173869522,-0.7567487403575472,-0.5287641010142742,-0.028359851750450665,0.8057716731375244,-0.16699330788056807,-0.8914740335024828,51.90623697478991,9.912066427478251,1.4090756302521008,0.7174005158514544,0.5365676196853775,0.29938740399773767,-1.082249360698536,0.8864105809981897,0.9630761478073758,0.704423054734948,9,0.945331167261424,BR319_M08
BR319,BR319_M08,M08_TS_3500,-62.1703836,-5.6430659,-0.7484036566250974,-0.7362188415080692,-0.5135210077841449,0.7216904689550044,1.5572601795385954,-0.5659308622325807,-0.6111318959296795,-0.42108069176705387,-0.028359851750450665,0.3928894819295103,0.6675106461818834,-0.7623338959589092,45.479030735930735,7.1159428608529,1.635064935064935,1.2167504397587294,0.6064905818532468,0.38793674154864455,-0.8942792701166414,0.7400072744310134,1.150878965702884,0.7901538613098599,7,0.24359894904269078,BR319_M08
BR319,BR319_M08,M08_TS_4500,-62.1625477,-5.6476036,-0.7798655947047057,-0.767479474960742,-0.41328776377777043,0.697872766182782,1.5641926522120257,-0.64548173869522,-0.9444815040523856,-0.6491439107729605,0.162221988602563,0.4962641747239529,0.9520006305213564,-0.8675907988147356,52.058905504475604,9.898791718208525,1.1475796930342386,0.691015576099768,0.38348958150413803,0.232921628265672,-0.8138010765563097,0.7418982107072809,0.5423941423499503,0.5903444684569402,11,0.4038662744510107,BR319_M08
BR319,BR319_M09,M09_TN_0500,-62.48903166,-5.957482355,-0.9045593377113387,-0.8913753832200808,-0.2907927589502741,0.4233957758724398,2.1560352472962068,-0.64548173869522,-0.6111318959296795,-0.6491439107729605,-0.028359851750450665,0.7242588120907517,-0.1859593068365342,-1.452074779026657,61.8355216069532,16.581204456328546,1.30878169449598,0.683932105052516,0.3013051455001119,0.21304575415697083,-1.1763902439063467,0.9928085793283434,0.13028714932559507,0.6590217949393462,16,0.7931813393741673,BR319_M09
BR319,BR319_M09,M09_TN_1500,-62.49490569,-5.950945392,-0.7966898357241101,-0.7841960685252022,-0.2907927589502741,0.4233957758724398,2.1909614574837013,-0.5287143243600247,-0.7567487403575472,-0.6491439107729605,0.6368007627561305,0.6101806953740005,0.38302066184241196,-0.9288822284065952,58.046186796142734,16.117098171623756,0.973821609862219,0.7741147725150851,0.3427291551175206,0.2153217850084087,-0.8023070328617006,0.73260978110796,0.3781705045835318,0.5996084683606806,17,0.591959140762509,BR319_M09
BR319,BR319_M09,M09_TN_2500,-62.50122548,-5.944483448,-0.856455370608926,-0.843579202342635,-0.2907927589502741,0.4233957758724398,2.2139721812145563,-0.64548173869522,-0.7567487403575472,-0.6491439107729605,-0.028359851750450665,0.5534744010754463,0.09853067750293888,-1.1840347674080665,60.98158776934103,17.93962488026689,1.0284271284271285,0.6054654869095686,0.32865793522587017,0.19430302752604736,-0.946484291134099,0.7879235935747684,0.28870964301707447,0.6216242639857746,16,0.49677685661269194,BR319_M09
BR319,BR319_M09,M09_TN_3500,-62.50515894,-5.935408361,-0.6401089933124688,-0.6286170858205867,-0.2907927589502741,0.4233957758724398,2.2010628261652174,-0.8832759847035268,-0.7567487403575472,-0.9431685380016365,-0.48295108025762135,0.17041253671312712,0.5726806514020596,-0.4677816282733768,55.24229861436788,14.676701798094376,0.7705128205128206,0.6391778643452873,0.3261982668106228,0.14262040671842283,-0.5738976467177638,0.6753722557550205,0.41983427119461414,0.4727096383622859,15,-0.07041637492240409,BR319_M09
BR319,BR319_M09,M09_TN_4500,-62.5117239,-5.929824086,-0.7528982192078986,-0.7406846462870222,-0.2907927589502741,0.4233957758724398,2.2209689067406098,-0.3939162372011859,-0.7567487403575472,-0.23473947378559779,0.49201515270081714,0.6162573774449008,-0.14802730892460364,-0.7766967144740495,61.86551584436559,18.5331170326778,1.2135483870967743,1.0813748771534482,0.345175514923428,0.18648056912245836,-1.0770440089589073,0.7966147198212034,0.33068384372018217,0.6384100243309492,17,0.6023457024197082,BR319_M09
BR319,BR319_M09,M09_TS_0500,-62.49757315,-5.9595754,-0.9251492933271441,-0.9118335970047452,-0.2907927589502741,0.4233957758724398,2.1909614574837013,-0.3335849618901829,-0.1588046627976451,-0.15293205671052057,-0.24141222300743073,0.5337128056048696,0.4399186587103052,-1.5937617562525905,58.80295878211021,17.917068015036374,0.7904443382704252,0.5875806043712234,0.3252439534126582,0.19195774128147886,-0.6935236582783425,0.6798028492713426,0.35334703699107595,0.59367830373404,14,0.46433482616878696,BR319_M09
BR319,BR319_M09,M09_TS_1500,-62.50411489,-5.953199789,-0.9250885559949441,-0.9117732482915162,-0.2907927589502741,0.4233957758724398,2.2279464931190716,-0.4587204463083827,-0.3915601223077018,-0.6491439107729605,0.3346242339605516,0.40457659451138006,0.30715666601855257,-1.5933122175246162,62.539886496818575,19.76714690778527,1.1706397896581946,0.9679289290524957,0.39877106480090074,0.3263124599336669,-1.0806257965824173,0.769999520838732,0.4310415075298197,0.8553943199019769,16,0.26124051707796575,BR319_M09
BR319,BR319_M09,M09_TS_2500,-62.51040819,-5.946827531,-0.905348923029939,-0.8921599164920592,-0.2907927589502741,0.4233957758724398,2.2457828115908214,-0.4930172597638428,-0.6111318959296795,-0.32366919911047975,0.162221988602563,0.6009846727632788,0.13646267541486942,-1.4571471853683355,62.086088628011,18.962631095869494,1.1348062953995157,0.8906715805689425,0.3404090956531612,0.2257964568140837,-1.02634492222269,0.8394197717556335,0.28912747434104774,0.67843244626451,19,0.5763102376614857,BR319_M09
BR319,BR319_M09,M09_TS_3500,-62.51607344,-5.939934086,-0.8552406239649256,-0.842372228078053,-0.2907927589502741,0.4351110743079134,2.232647888016315,-0.5287143243600247,-0.6111318959296795,-0.42108069176705387,0.162221988602563,0.021173241342574374,0.38302066184241196,-1.1781297344959694,63.197904890282864,21.538343377091774,1.041086186540732,0.8836236431246213,0.33117651261046954,0.2525038914270224,-0.9776444520095945,0.828952534848252,0.2461577534668619,0.7238735534110388,18,-0.2594817432502133,BR319_M09
BR319,BR319_M09,M09_TS_4500,-62.52182317,-5.933035864,-0.9837608189001597,-0.9700701052708252,-0.2907927589502741,0.4351110743079134,2.2626977168143165,-0.06042684109751012,-0.30442150722551303,0.38475986510555865,0.49201515270081714,0.6342348045207783,0.06059867959101004,-2.1665906657661376,61.889021240142746,19.3142941196563,1.012037037037037,0.7003024768112042,0.3190736593351416,0.15539696319270785,-0.9512721008352875,0.7565692386233875,0.2644063538526791,0.6010320797837301,14,0.6332886158336807,BR319_M09
BR319,BR319_M10,M10_TN_0500,-62.9364842,-6.5631184,-0.8726115009741302,-0.8596319600615752,-0.2907927589502741,-0.36035210145129587,-0.24973236435162435,-1.1348414861975606,-0.9444815040523856,-1.1295097559830927,-1.4952146031669449,0.41228097862198004,0.07956467854697447,-1.2661510525607431,54.11891894892672,9.297056569188973,0.9307179866765359,0.4227154981225417,0.2873969716541007,0.20487046382776114,-0.6619075333426051,0.6175953517395254,0.03355453930018482,0.8874326614850435,13,0.2729357095421185,BR319_M10
BR319,BR319_M10,M10_TN_1500,-62.9275731,-6.5650449,-0.534608247281041,-0.5237913709416429,-0.2907927589502741,-0.36035210145129587,-0.2496018080234236,-1.3864069876915948,-1.2090759734895817,-1.3575729749889986,-2.0155896076182125,0.3850091962205174,0.2312926701946932,-0.24677008703248185,53.10275403126176,11.557408070151682,1.0163030572624931,0.6731449719294837,0.3319532940862038,0.17103566645303303,-0.7201460368321969,0.7548551914038076,0.38800495653393663,0.4643471430506368,15,0.23177100190255026,BR319_M10
BR319,BR319_M10,M10_TN_2500,-62.9184587,-6.5666493,-0.894537677898336,-0.8814178455372796,-0.2907927589502741,-0.36035210145129587,-0.2480467522817501,-1.0648476081459188,-0.9444815040523856,-0.9431685380016365,-1.0915803915569517,0.737513839060267,-0.015265316232849331,-1.3898743835099896,56.94124598342376,9.174327662653893,0.8377363765499525,0.5218442414991424,0.2027664023086343,0.19863353539239725,-0.5763563537756847,0.5913766228776658,-0.47114780918151916,1.0306502318826185,18,0.8174361570936477,BR319_M10
BR319,BR319_M10,M10_TN_3500,-62.9095471,-6.5692237,-0.2704615895431711,-0.2613348171082942,-0.2907927589502741,-0.3435849251417088,-0.24455727555153237,-1.0648476081459188,-0.9444815040523856,-1.1295097559830927,-1.0915803915569517,0.4312462538743548,0.5537146524460951,0.15429954672398574,57.690389957853,8.112739535783295,0.8519752381173316,0.5671422164839991,0.1968101459536228,0.2008224781807845,-0.6166115993322886,0.6195462347043758,-0.5229304401433169,1.0755051038363874,20,0.3019482770860896,BR319_M10
BR319,BR319_M10,M10_TN_4500,-62.90062384,-6.571429447,0.35367523614419366,0.35880856003392025,-0.2907927589502741,-0.3435849251417088,-0.29232243606687525,-0.6048020016404765,-0.6111318959296795,-0.15293205671052057,-1.4952146031669449,0.7427593584842141,-0.3945852953521462,0.7270773537362984,49.74682930780397,10.816256436057197,0.9307735742518352,0.4208663024126318,0.3319182746664963,0.1420925066424565,-0.5680110067682318,0.6619257429636521,0.4351874289560576,0.5218056101718819,13,0.8270862801863598,BR319_M10
BR319,BR319_M10,M10_TS_0500,-62.9382528,-6.5719351,-0.7030328694716854,-0.6911383527259326,-0.2907927589502741,-0.36035210145129587,-0.30085302756405397,-0.3049116832528814,-0.09660807435393211,-0.15293205671052057,-0.48295108025762135,0.21009241439320334,-0.2807893016163571,-0.6280297278385213,56.503073000710074,9.459262608949638,0.9215368160166535,0.5263158388002139,0.2416947527030569,0.1880475537949023,-0.6724002693053028,0.6944265717856885,-0.2376355369807212,0.9723401088042671,18,-0.017334731242503496,BR319_M10
BR319,BR319_M10,M10_TS_1500,-62.9306482,-6.5739235,-0.48735460282942844,-0.4768400720494044,-0.2907927589502741,-0.36035210145129587,-0.30085302756405397,-1.2109291634780124,-0.9444815040523856,-1.1295097559830927,-1.4952146031669449,0.37305216487686316,-0.1100953110126748,-0.16191443101038067,55.62699025297619,12.184438198183537,1.2448660714285715,0.5845810255509357,0.4232442089825097,0.19582637567429279,-1.0766527714693812,0.8061691176600015,0.6923270370799696,0.5026428043524839,16,0.2139268786157844,BR319_M10
BR319,BR319_M10,M10_TS_2500,-62.9215269,-6.5750322,-0.8919867099459354,-0.8788831995816575,-0.2907927589502741,-0.36035210145129587,-0.2995734388394766,-0.6881466222336847,-0.6111318959296795,-0.23473947378559779,-1.4952146031669449,0.4312462538743548,-0.1100953110126748,-1.3746517039978656,57.044623221959135,9.509028446761581,0.8844777690081557,0.44486194478295094,0.20356404118654448,0.16774184818599913,-0.6327085472799038,0.6305857679093357,-0.4431855622929343,0.9452180077801494,16,0.3019482770860896,BR319_M10
BR319,BR319_M10,M10_TS_3500,-62.9127808,-6.5774347,0.43427367597361505,0.4388913024889338,-0.2907927589502741,-0.3435849251417088,-0.2969281352261699,-0.9397121237277187,-0.7567487403575472,-0.9431685380016365,-1.0915803915569517,0.30197544303985563,-0.6221772828237243,0.7815648555556824,58.36943358136384,8.474173915802647,0.792859738410958,0.4728815838584138,0.16595328803310683,0.21028452500032135,-0.5598695426040373,0.635865150934982,-0.7077965058761343,1.1275519936385767,13,0.11036945518060566,BR319_M10
BR319,BR319_M10,M10_TS_4500,-62.9040187,-6.5803106,-0.3551901679621935,-0.34552127206288635,-0.2907927589502741,-0.4281582382439607,-0.3366719422784164,-1.000043399038722,-0.7567487403575472,-0.7856192830655175,-1.4952146031669449,0.8712795078638657,-0.24285730370442746,0.042574618218793756,57.587521465167654,9.392195473892619,0.8654928814175906,0.4313740628000426,0.21054779896131012,0.18528061789017936,-0.644724237164435,0.6138198713819666,-0.42251842057963773,0.9883856283499228,18,1.0729231363036509,BR319_M10
BR319,BR319_M11,M11_TN_0500,-63.1251715,-7.2029513,-0.7750066081287045,-0.7626515779024141,-0.07023865622496443,-1.2442147340483363,0.393836511258007,-0.64548173869522,-0.6111318959296795,-0.6491439107729605,-0.028359851750450665,0.021173241342574374,0.5726806514020596,-0.8505792195032861,52.687246762016606,6.693340336974926,0.8883986928104575,1.6809649535085989,0.38320404142957515,0.35904049643169444,-0.5691117385207469,1.1516963721439855,0.6134780380871723,0.7493966883623281,6,-0.2594817432502133,BR319_M11
BR319,BR319_M11,M11_TN_1500,-63.1168004,-7.2068677,-0.7635272523429014,-0.7512456711021145,-0.07023865622496443,-1.2442147340483363,0.3946157479813077,-0.7330003846385286,-0.7567487403575472,-0.5287641010142742,-0.48295108025762135,0.9258416302167808,-0.07216331310074428,-0.8115235521571967,53.34655223513949,7.155235651861696,0.892274678111588,1.5199312210218665,0.3751961634257511,0.2704343082268608,-0.6032671671482598,1.1003013612127779,0.5993435577211343,0.5834829969763504,6,1.1829557217209352,BR319_M11
BR319,BR319_M11,M11_TN_2500,-63.108662699999996,-7.2107758,-0.8981819178303371,-0.8850387683310256,-0.09925455591988831,-1.2520319109464852,0.39537311139307535,-1.000043399038722,-0.7567487403575472,-0.9431685380016365,-1.0915803915569517,0.4312462538743548,0.15542867437083382,-1.4120391421821032,53.13407401001873,6.4107238568591365,1.0556179775280898,1.334966586081156,0.4335022812688764,0.3534240433900655,-0.7333992378993053,1.0062220402351534,0.6964355228642597,0.8622673767094,9,0.3019482770860896,BR319_M11
BR319,BR319_M11,M11_TN_3500,-63.1002323,-7.2144947,-0.932316298526746,-1.0254098753019083,-0.09925455591988831,-1.2520319109464852,0.39537311139307535,-0.3335849618901829,-0.3915601223077018,0.05928515344307818,-0.48295108025762135,0.1954254558143293,0.7623406409617072,-1.6483080458889814,58.49127380679563,8.571745195564445,3.3870535714285714,1.7849922001937129,0.7321617254489285,0.31323087278563094,-2.176211888074355,0.6895728883450881,1.3047634563109014,0.7702621200678136,7,-0.03709774284906571,BR319_M11
BR319,BR319_M11,M11_TN_4500,-63.0919793,-7.2185608,-0.8951450512203362,-1.0127366455237976,-0.09925455591988831,-1.2520319109464852,0.3857283480897739,-0.9397121237277187,-1.2090759734895817,-0.7856192830655175,-0.7617872274586978,0.5202824132678311,0.5157826545341646,-1.3935339112762322,54.42754539619632,6.498003329259981,1.455481727574751,1.326089043690138,0.5288724532293836,0.3218211913696591,-1.0970085744846465,0.9308301218457254,0.9290671234159287,0.6867683548715261,9,0.4424976226217415,BR319_M11
BR319,BR319_M11,M11_TS_0500,-63.1285108,-7.2115423,-0.9143380481955413,-0.9010915260499658,-0.07023865622496443,-1.2442147340483363,0.40036569475007927,-1.0648476081459188,-0.9444815040523856,-0.9431685380016365,-1.0915803915569517,0.17041253671312712,0.6675106461818834,-1.516822725872879,52.896391653540036,7.571435533836774,0.9854096520763188,2.3668107580923947,0.36751962208237937,0.30443057068699814,-0.5878287739583816,1.4127927777508351,0.5782014889171898,0.6310573009254365,6,-0.07041637492240409,BR319_M11
BR319,BR319_M11,M11_TS_1500,-63.1202207,-7.2156291,-0.6823821765236799,-0.6706197902280391,-0.07023865622496443,-1.2442147340483363,0.40036569475007927,-0.64548173869522,-0.9444815040523856,-0.23473947378559779,-0.48295108025762135,0.7935319602883354,0.07956467854697447,-0.5725014791409988,52.49187927927928,6.951064810054988,0.7691891891891892,1.1518335618797177,0.36925388520324326,0.36187989167261414,-0.5032726999093742,0.9532581076877061,0.5830706649673038,0.7439305670536832,5,0.9220237860681374,BR319_M11
BR319,BR319_M11,M11_TS_2500,-63.1119019,-7.2191902,-0.8143643993943148,-0.8017575440748699,-0.09925455591988831,-1.2520319109464852,0.4004942004553259,-0.7330003846385286,-0.9444815040523856,-0.42108069176705387,-0.7617872274586978,0.8368054708233046,0.19336067228276269,-0.9976820350853574,52.71032896095277,7.506804765148113,0.8840390879478828,1.8470180624714077,0.37145879425863193,0.3484736720641369,-0.5514625039529265,1.176547458659711,0.5855717352594322,0.7012742311258565,5,1.005173299505464,BR319_M11
BR319,BR319_M11,M11_TS_3500,-63.1036285,-7.2230062,-0.5435973724466433,-0.5327229804995495,-0.09925455591988831,-1.2520319109464852,0.3992378521242511,-0.8832759847035268,-0.9444815040523856,-0.6491439107729605,-0.7617872274586978,0.8130330227593701,0.07956467854697447,-0.26377748197921497,53.486018241758245,7.334211755619858,1.0483516483516484,0.8810305905841374,0.4349854367077363,0.31946806109958653,-0.78469913254972945,0.8096136125157135,0.6628582453546454,0.9194400245414704,7,0.9592368639890216,BR319_M11
BR319,BR319_M11,M11_TS_4500,-63.0953372,-7.2269468,-0.9804810029613586,-0.9668112747564538,-0.09925455591988831,-1.2520319109464852,0.389048990196609,-0.22413521913267534,0.012406452457029395,-0.07719021884947905,-0.48295108025762135,0.6691036006444977,0.28819066706258645,-2.1239952418169445,56.62227456531916,8.376583099594471,1.748641542506573,0.9672798723956858,0.631993416365206,0.32778162544703165,-1.513881307886447,0.5976293767447136,1.1506123995518807,0.6907140726182004,8,0.6942318482269958,BR319_M11
ACRE,CHAND,Cha_T1_05,-69.92748,-9.383058,-0.5107384757264346,-0.5000743266426072,0.7866853770679682,-1.2559700005534675,-2.562676477270763,3.1869309498586507,3.0417481911070148,3.068640466649481,2.024653680061408,-2.2743255754345024,3.0382605156774867,-0.20298925547681979,39.89979027777778,5.693704885577337,0.9541666666666667,0.9244220220042115,0.25407470340271826,0.23503069213186034,0.33327682382444895,1.4851578807139652,-2.9979151046837134e-4,0.9130708604315672,8,-1.7991057913004815,CHAND
ACRE,CHAND,Cha_T1_15,-69.920029,-9.39022,-0.3764482342321992,-0.36664332169307084,0.7866853770679682,-1.2559700005534675,-2.581517600990978,3.7266117299927037,3.483099399637718,3.427785657053281,2.2087637622545757,-2.047935311547432,3.0951585125453818,0.012426395093612862,41.958770202020204,5.640250117806394,1.187878787878788,0.8626531189229214,0.30730938338241304,0.2287116532774217,-0.15449815335355896,1.2536564146108036,0.30629725457377555,0.7198257765895739,10,-1.72151642902675,CHAND
ACRE,CHAND,Cha_T2_05,-69.92098,-9.37775,-0.5354585699318413,-0.5246362529268503,0.7363780740415514,-1.217492471199511,-2.5462831138190913,3.5098897482242233,3.309078133506394,3.2858882715258684,1.8196585803720704,-1.7204793000568777,2.6589405365581897,-0.24836632859236824,41.782190849673206,7.352866219114222,0.9450980392156864,0.890122213092467,0.2196627842951494,0.21765803956267726,0.27097416576870764,1.353495790488108,-0.22920760516008135,0.992021745989917,9,-1.5896525798836143,CHAND
ACRE,CHAND,Cha_T2_15,-69.915238,-9.385638,-0.9016439457657379,-0.8884786449850842,0.7866853770679682,-1.2559700005534675,-2.5770725339632405,3.706168955239138,3.468423101585784,3.386753462706356,2.4282878916714004,-1.5556205470727198,2.905498522985734,-1.4335698389864535,41.57644367816091,6.597970386732786,1.2689655172413794,0.7451805939817937,0.2432562904393482,0.10972803128489199,-0.2883812614050566,1.0534669713178766,0.0319499569791939,0.8940982500683744,10,-1.5131731345673816,CHAND
ACRE,CHAND,Cha_T2_35,-69.904807,-9.399001,0.30751486367218156,0.3129435379798056,1.0322928890375085,-1.3016269348510212,-2.6106918137867434,3.731090391001879,3.48211475930591,3.4372055126543803,2.9615373595549523,0.27091709285544885,4.081390458255552,0.694451961769796,40.7030987804878,5.302839266751111,0.8975609756097561,0.6961543453022622,0.22311136121742356,0.10195902858823123,0.20682319969766794,1.1996617389923756,-0.019441684509608082,0.7108395556659445,6,0.06643996905752814,CHAND
CUNIA,CUN,Cun_L1_05,-63.48991629,-8.069839341,-0.9901382387811614,-0.9764067201598805,-0.014645001840294101,-0.0805828466587759,0.6485457557113153,-0.8302623809702114,-0.7567487403575472,-0.7856192830655175,-0.7617872274586978,1.0312265599271153,-0.7359732765595134,-2.2551156103309986,64.0729101125,0,5,0,0.6047565858,0,-2.797157991464443,0,1.0540624451960858,0,1,1.4055856256624606,CUN
CUNIA,CUN,Cun_L1_15,-63.480955,-8.069811938,-0.875769842248531,-0.8627700931494882,-0.014645001840294101,-0.0805828466587759,0.6485457557113153,-1.000043399038722,-0.9444815040523856,-1.1295097559830927,-1.0915803915569517,0.737513839060267,-0.3566532974402165,-1.2830393044799053,57.02210674166666,14.957012628987652,4.666666666666666,0.7071067811865476,0.8338310501999999,0.48594032152174904,-2.5419969681898227,0.5412782695559472,1.4823311559944532,0.908495128726638,2,0.8174361570936477,CUN
CUNIA,CUN,Cun_L1_25,-63.47175373,-8.070048156,-0.8590063385613266,-0.8461138482982571,-0.014645001840294101,-0.0805828466587759,0.5992118686345935,-1.000043399038722,-0.9444815040523856,-0.9431685380016365,-1.0915803915569517,0.8507607931300654,-0.9635652640310914,-1.196552241811642,54.00283505625,12.995598310273463,3.82,1.8916082623476294,0.78726348415,0.4331851489287957,-2.0133558589708427,1.5387978768654047,1.3695023434309836,0.9687540600871163,4,1.0324359546571473,CUN
CUNIA,CUN,Cun_L1_35,-63.46269557,-8.069889454,-0.6260179322420651,-0.614616184351436,0.08709874211129631,-0.10193666556218742,0.5922260797643064,-0.8832759847035268,-0.7567487403575472,-0.7856192830655175,-0.7617872274586978,0.9065943202216017,-0.6790752796916193,-0.4352197160479922,50.43781002596154,9.83363938058719,3.5384615384615388,1.2856040517117928,1.0264549845692308,0.3146252500525674,-2.101790875852073,0.49232599890839573,1.9053779292848583,0.6047124262234413,3,1.143742926892108,CUN
CUNIA,CUN,Cun_L1_45,-63.45343703,-8.069940631,-0.8153969340417151,-0.8027834721997644,0.08709874211129631,-0.10193666556218742,0.5637524964785251,-0.12687322280099267,-0.4921542709203511,0.38475986510555865,0.162221988602563,0.6691036006444977,-0.4325172932640759,-1.0018544016894215,53.20163948971354,9.249442729205729,1.609375,1.3039713991079829,0.37708315729375,0.2877287839607561,-0.9415510127954115,1.2068499305109246,0.20839617518322917,1.164891809158429,10,0.6942318482269958,CUN
CUNIA,CUN,Cun_L2_05,-63.48993986,-8.079034841,-0.9288542705913451,-0.9155148685117201,0.0625499405126039,0.05324539827949565,0.6297073661550427,-1.2109291634780124,-1.2090759734895817,-1.1295097559830927,-1.4952146031669449,0.4927777647772671,-0.2807893016163571,-1.621580591130009,47.150982022499996,14.957012628987657,4.2,0.7071067811865478,1.15453530036,0.4859403215217492,-2.1847715356053543,0.5412782695559475,2.0819073511121675,0.9084951287266381,2,0.39830322494546105,CUN
CUNIA,CUN,Cun_L2_25,-63.47163365,-8.079053744,-0.7213148064638902,-0.7093033154078912,0.0625499405126039,0.05324539827949565,0.5992118686345935,-1.1348414861975606,-0.9444815040523856,-1.1295097559830927,-1.4952146031669449,0.7295852813987049,-0.6980412786475837,-0.679956514890314,53.778836704166665,10.918513669596923,3.333333333333333,1.7677669529663689,0.9084438759333333,0.3221090133201698,-2.1329535221682905,0.7044952265005818,1.7127154189264893,0.69860697626018,2,0.802905638566236,CUN
CUNIA,CUN,Cun_L2_35,-63.46269105,-8.07873974,-0.8243253218751174,-0.8116547330444419,0.08709874211129631,-0.10193666556218742,0.5684210814084736,-1.000043399038722,-1.2090759734895817,-0.7856192830655175,-1.4952146031669449,0.869023597329455,-0.7928712734274075,-1.0386929478455726,51.43003245516666,9.597779098934241,2.776190476190476,1.6353269146097542,0.7090088421999999,0.40387827745391697,-1.6623363492012793,1.1158082404980056,1.2350701828870791,0.9386806278089828,8,1.0684482224635212,CUN
CUNIA,CUN,Cun_L2_45,-63.45361287,-8.078935904,-0.9601339966743534,-0.9465944558247059,0.19273535109697118,0.03538328671796274,0.5375728767395842,0.11310990207369316,-0.4921542709203511,0.8593020643724655,0.162221988602563,0.5031950175116346,-0.1859593068365342,-1.8944698630741141,50.104826315789474,7.681254913664411,1.6157894736842104,0.668651325127375,0.45940625472631574,0.39643365648784834,-0.9847644289656984,1.0658638373532412,0.34329318598557185,1.49876529836094,7,0.41495882719757843,CUN
CUNIA,CUN,Cun_L3_05,-63.48978547,-8.088172427,-0.40791017231180743,-0.3979039551457437,0.0625499405126039,0.05324539827949565,0.6111095830256125,-0.6881466222336847,-0.7567487403575472,-0.42108069176705387,-0.7617872274586978,0.7811161304290588,-0.8687352692512669,-0.033965312876804155,51.76518639455782,8.182879011874203,0.8530612244897959,0.48052333952759,0.29744653928539155,0.19183350602220237,-0.5478749629970038,0.5633737680747132,0.2646702390977314,0.5316404566902868,7,0.8985493204566584,CUN
CUNIA,CUN,Cun_L3_15,-63.48068127,-8.087665175,-0.6924038363366827,-0.6805773279108405,0.0625499405126039,0.05324539827949565,0.6111095830256125,-0.5659308622325807,-0.6111318959296795,-0.23473947378559779,-0.7617872274586978,0.846134051278657,-0.7928712734274075,-0.5990567805617381,42.70134558677936,8.764664199664558,0.8755681818181819,1.4008234316107473,0.25160449389199524,0.3402090885461291,-0.18985399812796586,1.0667807208812927,0.17393210730679498,0.8632617248740734,6,1.0233728650318468,CUN
CUNIA,CUN,Cun_L3_25,-63.47177679,-8.087519315,-0.5324217033218404,-0.5216188172653954,0.0625499405126039,0.05324539827949565,0.5783447294337992,-1.2109291634780124,-0.9444815040523856,-1.1295097559830927,-1.4952146031669449,0.6576365177614251,-0.5652792859558302,-0.2426773514058796,57.455291492857135,10.918513669596921,3.928571428571428,1.7677669529663687,0.7999841294571428,0.3221090133201697,-2.3701694040597734,0.7044952265005817,1.477482214022774,0.6986069762601799,2,0.6740537865521824,CUN
CUNIA,CUN,Cun_L3_35,-63.4623382,-8.087762113,-0.8560909466157259,-0.8432171100632605,0.19273535109697118,0.03538328671796274,0.5453392694151414,-0.7330003846385286,-0.9444815040523856,-0.42108069176705387,-0.48295108025762135,0.8599405104283282,-0.6980412786475837,-1.1822595227922907,54.80755744196212,9.656002747279269,3.036363636363636,1.5612618171013024,0.7762723723181818,0.3699946086763103,-1.9682657784740571,0.5914895862260842,1.4147129824072597,0.7094635298697526,6,1.0504897248354144,CUN
CUNIA,CUN,Cun_L3_45,-63.45358032,-8.087877793,-0.8098090994793137,-0.7972313905826875,0.19273535109697118,0.03538328671796274,0.5123543156260429,-0.3939162372011859,-0.9444815040523856,0.12124637222373225,-0.24141222300743073,1.0534004212938013,-0.8308032713393372,-0.9794834499487024,51.551674423230395,10.616649645851922,2.2029411764705884,1.5693289140765425,0.5765313394111765,0.4050064582202294,-1.2274296154201605,1.3964143545099283,0.7741637126654434,1.2468734088157107,9,1.4541851559983017,CUN
CUNIA,CUN,Cun_L4_05,-63.48981034,-8.096919928,-0.9969408199875631,-0.9831657760415394,0.0625499405126039,0.05324539827949565,0.5911009713024193,-1.2942737840712206,-1.2090759734895817,-1.3575729749889986,-2.0155896076182125,-0.24535845963002917,-0.37561929639618175,-2.3592713165867187,48.041297247023806,5.110522218465792,0.7284598214285714,0.5598130358790262,0.2417753833625918,0.1896740980937251,-0.2701721477198266,0.39817096779192795,0.09201039521569913,0.43614572803552154,8,-0.5590246106743403,CUN
CUNIA,CUN,Cun_L4_15,-63.48103316,-8.097241529,-0.37414021560859856,-0.3643500705903651,0.0625499405126039,0.05324539827949565,0.5911009713024193,-1.0648476081459188,-1.2090759734895817,-0.9431685380016365,-1.4952146031669449,1.0405350136045106,-1.0204632608989856,0.015744822267143615,58.464796080149924,10.772317706518608,1.1786467565244647,1.5618655929105334,0.3334320998990606,0.2372812319721948,-0.9616867108394792,0.8621638079615374,0.33571979059475604,0.6048582667864011,12,1.4259113962399825,CUN
CUNIA,CUN,Cun_L4_25,-63.47189499,-8.096961955,-0.24367642604296413,-0.23472103457426188,0.0625499405126039,0.05324539827949565,0.556162457377189,-0.08201946039614871,-0.30442150722551303,0.33721421813788344,0.162221988602563,1.0479101464326925,-0.7549392755154778,0.18712688167351876,52.28825226035632,8.104064508949598,1.5206896551724138,1.193349149151589,0.3798664459177231,0.2653343533893557,-0.9622765975256781,0.9035625975885846,0.3852079628367465,0.8836383467930258,10,1.4420936259228552,CUN
CUNIA,CUN,Cun_L4_35,-63.46286935,-8.097056943,-0.7043690907800858,-0.6924660244169727,0.19273535109697118,0.03538328671796274,0.5210393873859142,-0.6881466222336847,-0.9444815040523856,-0.42108069176705387,-0.48295108025762135,1.0891357675629583,-0.982531262987056,-0.6317333358133572,47.71765906335606,13.97820909873296,3.109090909090909,1.3034245903199013,0.8227268887863636,0.28660960853481326,-1.767781211409816,0.79938919428905,1.6345406076988709,0.6021164432862777,5,1.5338340975822857,CUN
CUNIA,CUN,Cun_L4_45,-63.45386173,-8.097085221,-0.43961505972021586,-0.4294059834513331,0.19273535109697118,0.03538328671796274,0.4860120131325885,-0.3939162372011859,-0.9444815040523856,0.05928515344307818,-0.24141222300743073,0.8913216155399797,-0.7739052744714431,-0.08304555892432913,51.59787973200113,11.303357702367403,2.8156462585034014,1.8535294818511643,0.7484724284346939,0.42576644375887396,-1.520138222979998,1.4910862672710978,1.2860857119091753,0.9691307612004577,7,1.1129373495521637,CUN
CUNIA,CUN,Cun_L5_05,-63.48969429,-8.105883431,-0.6553540636946729,-0.6437646128410904,0.0625499405126039,0.05324539827949565,0.5734792847000703,-0.6881466222336847,-0.9444815040523856,-0.5287641010142742,-0.48295108025762135,1.1183889177418371,-1.0204632608989856,-0.5042716006678688,50.121028782762345,9.84228943011338,2.1814814814814816,1.0842168063225592,0.633520199078302,0.42787208346956124,-1.4631369481716716,0.47328163435360293,1.1117824513435466,0.9018767342621978,8,1.6002740563682343,CUN
CUNIA,CUN,Cun_L5_15,-63.48087913,-8.106245373,-0.3355112723293883,-0.32596828897665847,0.0625499405126039,0.05324539827949565,0.5734792847000703,-0.8832759847035268,-1.2090759734895817,-0.6491439107729605,-0.7617872274586978,1.1417566785030713,-1.0204632608989856,0.06968090530574472,56.846487553312684,11.03330090243275,1.5557522123893806,1.2941888783995976,0.46529845566194683,0.33934040652343056,-1.2298811401430274,0.5495644553652798,0.6997814091972269,0.8069825119469921,9,1.6541621750064321,CUN
CUNIA,CUN,Cun_L5_25,-63.47158429,-8.10632585,-0.5514324883004453,-0.5405079645061031,0.0625499405126039,0.05324539827949565,0.5368920699181736,-1.4894031465410629,-1.2090759734895817,-1.651597602217675,-2.0155896076182125,-0.1743964145541618,-0.660109280735654,-0.278845848300973,47.37286038287037,8.797419955752138,1.4666666666666666,1.5292532114124804,0.3817036233317197,0.20820198093722406,-0.7107118799459886,0.9403762635037076,0.5797393318423271,0.6125943325110453,7,-0.4837363097488464,CUN
CUNIA,CUN,Cun_L5_35,-63.46277408,-8.106324422,-0.6053065019618596,-0.5940372731403133,0.19273535109697118,0.03538328671796274,0.5001695140211766,-1.2942737840712206,-0.9444815040523856,-1.3575729749889986,-1.4952146031669449,-0.5472779291708937,-0.16699330788056807,-0.3892392889784499,51.60662222222222,9.119490756106426,1.5466666666666666,1.119748725965931,0.475231338736,0.3906642749407756,-1.0751081349861995,0.6025204202913647,0.6156091552842259,1.2079821165783273,5,-0.8468952152781991,CUN
CUNIA,CUN,Cun_L5_45,-63.45395878,-8.106176692,-0.9911707734285616,-0.9774326482847752,0.19273535109697118,0.03538328671796274,0.4636041725508109,0.11310990207369316,-0.30442150722551303,0.7017528094363468,0.49201515270081714,0.5502120709591578,0.15542867437083382,-2.2702305539142826,47.431503874499995,3.9648427519799014,2.575,1.0578896137039104,0.8173049640025,0.5303921429234741,-1.574973356403649,0.5060004459307562,1.2818648983053396,1.5430460420195315,4,0.4913955509551093,CUN
CUNIA,CUN,Cun_L6_05,-63.48975763,-8.11505222,-0.5215497208580375,-0.5108163975973867,0.0625499405126039,0.05324539827949565,0.5565452403289856,-0.8302623809702114,-0.9444815040523856,-0.6491439107729605,-0.7617872274586978,1.292467087377302,-1.1721912525467044,-0.22257705835436314,59.31799898424657,11.485609850436513,4.363013698630137,1.5928179323190836,0.7484952086931507,0.35068971201401283,-2.5231970839802327,0.6575116036743722,1.3545401898495886,0.7228469234474661,3,2.01980533489413,CUN
CUNIA,CUN,Cun_L6_15,-63.48070305,-8.115516424,-0.4766040950300256,-0.466158349807854,0.0625499405126039,0.05324539827949565,0.5565452403289856,-0.6881466222336847,-0.7567487403575472,-0.5287641010142742,-0.48295108025762135,1.2470415842511247,-1.0773612577668805,-0.14359265245071806,46.82472871412037,17.33171557073689,2.5222222222222226,1.3464930294141404,0.6720972061814815,0.29216132027042147,-1.3802806616332186,0.6796160856924922,1.3643649464224363,0.7248845972979897,8,1.9062163814918058,CUN
CUNIA,CUN,Cun_L6_25,-63.471546,-8.115172305,-0.5553196775612463,-0.5443702821527654,0.0625499405126039,0.05324539827949565,0.5186606647568912,-0.8302623809702114,-0.9444815040523856,-0.6491439107729605,-0.7617872274586978,0.8576547202494733,-0.982531262987056,-0.2864084015130684,51.270797378333334,15.785871174408339,3.73,1.5492369525463607,0.7834346680600001,0.36372895738907146,-1.9830179393492813,0.9036591593856093,1.469664784942045,0.7752485455804388,5,1.0459852732638706,CUN
CUNIA,CUN,Cun_L6_35,-63.4625057,-8.115355542,-0.9065636696739392,-0.8933668907566411,0.19273535109697118,0.03538328671796274,0.48068176052882156,-0.4930172597638428,-0.6111318959296795,-0.32366919911047975,-0.028359851750450665,0.4571162729098746,-0.37561929639618175,-1.4650024575677227,56.05979635956862,7.854179220017941,2.2058823529411766,1.836679846119856,0.40754079699411766,0.26578269013606776,-1.4098284561533205,0.995184700493159,0.3821341216072409,1.061205213648325,5,0.3420411429041704,CUN
CUNIA,CUN,Cun_L6_45,-63.45313247,-8.115072752,-0.48128086960942684,-0.4708052007264945,0.19273535109697118,0.03538328671796274,0.44291338692423776,-0.64548173869522,-0.7567487403575472,-0.42108069176705387,-0.7617872274586978,1.3237000195190813,-1.2859872462824935,-0.1515211319469878,45.40741899489394,11.85634911130524,2.7772727272727273,1.4325376710943687,0.8114144777,0.41445999560235475,-1.3980772408814621,1.163774776359516,1.5096356335199423,0.914805245894817,7,2.099657765968794,CUN
JURUA,Jur_T01,Jur_T01,-66.8711,-4.7983,-0.7849675306095071,-0.7725487668719863,-2.219541556577414,1.832095952175734,2.872371162042363,-1.1463118178975193,-1.290102762179374,-1.1737574151043633,-0.989937654636235,0.5659715805668079,-0.5273472880439005,-0.8857762121114787,41.2442772447451,9.771877758639164,1.115686274509804,0.9908747179976474,0.32049435295511003,0.23383384657239317,-0.06151262795673325,1.314010379182469,0.42282790118779195,0.6570236737581204,11,0.5174856887120716,JUR
JURUA,Jur_T02,Jur_T02,-66.9479,-4.9051,-0.5437795844432434,-0.5329040266392367,-2.3629360823038636,1.9288979434780424,2.9037716678274164,-0.5795538861631753,-0.9978375771213911,-0.40730007332544615,0.11535784794279064,0.9574091512100716,-0.7739052744714431,-0.2641252934770873,49.29571111111111,10.747257634803377,1.3333333333333333,1.0031062866028815,0.49478293280181185,0.30996437313967945,-0.8115551165337611,1.1914356540656648,0.883229752451128,0.779373144512769,4,1.248223056335787,JUR
JURUA,Jur_T03,Jur_T03,-67.1364,-5.0452,-0.7640131510005015,-0.7517284608079473,-2.3778335217047033,2.280992114477581,2.282221014437912,-0.21780823465911697,-0.8915470280064132,0.026822924828743537,0.9542150581751166,1.3990994587828496,-0.7549392755154778,-0.8131455707231894,42.339905384986245,13.106407596964525,1.4638208470039427,1.0980658350428822,0.3893789169487412,0.3006986709378595,-0.3672463166346702,1.169155211568623,0.4081357488804953,1.180365977179458,7,2.298491132912265,JUR
JURUA,Jur_T04,Jur_T04,-67.1416,-5.029,-0.7524123205502985,-0.7402018565811895,-2.3778335217047033,2.280992114477581,2.275313149239954,-0.18998836707726632,-0.877683097941673,0.0504179278458981,1.0313733855714162,1.3993711909650088,-0.8687352692512669,-0.7751338017474616,51.382705952552655,16.433120368115937,0.9781082975302561,0.7813332498141832,0.30762402956452645,0.21038741004642167,-0.4168087628225036,0.9263670862353354,0.14566172509951172,0.9530788146341094,17,2.2992235342116927,JUR
JURUA,Jur_T05,Jur_T05,-67.2273,-5.0825,-0.9147024721887415,-0.9014536183293403,-2.12633340294939,2.2797275480225494,2.0843317979328893,-0.3900367775364295,-1.1785407954511464,0.01371957802403978,0.28905444626294574,1.2021244889276101,-0.7739052744714431,-1.5193202705138324,50.069351555555556,11.317464054057416,1.0666666666666667,0.8790544909095596,0.2674254674319043,0.22890933357840262,-0.4477819026271164,0.8202457246706136,-0.03957892297000926,0.9137451063889445,14,1.79680052455011,JUR
JURUA,Jur_T06,Jur_T06,-67.2093,-5.3919,-0.9314052385437457,-0.9180495144673423,-1.5300174696979292,2.4121773219890597,1.7913141824965693,-0.7719728595695616,-0.93714190783418,-0.6881368070573645,-0.3733288266704121,0.3543003991596479,-0.45148329222004113,-1.641203610380896,54.22433829758514,11.418951126249306,1.5282608695652173,1.2707621117238368,0.38420311612740754,0.2983407414683589,-0.9819302805151424,0.911103032731953,0.3313245251648122,0.9614135768789521,15,0.18619040076831259,JUR
JURUA,Jur_T07,Jur_T07,-67.2,-5.4066,-0.5491852070090448,-0.5382750621166265,-1.5300174696979292,2.4121773219890597,1.8154500146893113,-0.25415213553832183,-1.0752885264792351,0.23250946274987933,0.4059569628514846,0.7413629525724754,-0.45148329222004113,-0.274500192606454,53.51417583673611,10.597001511280126,0.996875,0.9368129581290592,0.3019645281535783,0.2919802450133156,-0.5392411683713039,0.7024668274459287,0.05225485653833366,0.8996451346819629,19,0.8245144623945296,JUR
JURUA,Jur_T08,Jur_T08,-67.4092,-5.4907,-0.8405421895725218,-0.8277678394766113,-1.0407930804975425,2.389750537096927,1.8573961907963596,0.1392198566778448,-0.6514268090484351,0.457729712135214,1.683457351816259,1.817137593822578,-1.0014972619430211,-1.1093608239462098,56.84765252855238,12.76906699412401,1.5733333333333333,1.18171228696908,0.3758985296380286,0.27812574962456493,-1.0747275762298156,1.0148187949383163,0.31328747902280235,0.9313067342277764,17,3.5733179262360752,JUR
JURUA,Jur_T09,Jur_T09,-67.7787,-5.5722,-0.970337868483956,-0.9567330396471944,-1.6435137251469025,2.1320634112442876,1.9985255309598076,-0.34212899035328104,-0.6514268090484351,-0.17262164129322127,0.5301619617533564,1.1105272470725938,-0.6221772828237243,-2.002876912104599,55.030523524206345,14.66033241700203,2.8571428571428568,1.6950558355742402,0.6080761941531853,0.17517652212051765,-1.8047788364615729,0.8605514819330161,1.1816629322101067,0.3822298351610195,5,1.5823077688118163,JUR
JURUA,Jur_T10,Jur_T10,-67.863,-5.8627,-0.5132894436788352,-0.5026089725982293,-0.5082122227313485,1.9402006861735852,0.7180919497248668,0.7419619888278233,0.3868190831726558,1.1907706609961208,2.2175471534809565,1.7025369431812967,-0.8877012682072322,-0.20757596983887994,54.792821719909526,12.181075607794288,1.4333333333333333,0.855630579709024,0.3573932424026128,0.2652767245572024,-1.0099007857047353,0.7781159565788512,0.20467113910177964,1.0169549929499904,22,3.1925842548395984,JUR
JURUA,Jur_T11,Jur_T11,-67.8678,-5.8882,-0.7175490918674893,-0.7055616951876871,-0.3538334569824337,1.9030257799737162,0.6664531624455402,-0.4423716403096254,-1.237019017985623,-0.2795726607204782,0.6492133063712415,0.8447094624728801,-0.41355129430811144,-0.6690335556132033,47.206264628921474,12.337960213610133,1.1075009526819235,0.7327131063860454,0.256918914047868,0.19411663145074598,-0.3909327535354944,0.7726508998621742,-0.09280576247817607,0.9637637943129084,13,1.020587199314619,JUR
JURUA,Jur_T12,Jur_T12,-67.8712,-5.8795,-0.5152937756414359,-0.5046004801347896,-0.3538334569824337,1.9030257799737162,0.6787186218866786,-0.06846266632051928,-0.8089279553289841,0.14067206101850832,1.3800469985216077,1.17753327794818,-0.9066672671631966,-0.21119492017459265,55.592807530454046,10.725487447608513,1.2518272425249168,0.8584727323631782,0.3815820390208976,0.3340240733479523,-0.9079037401641477,0.719172200719273,0.205399358863326,1.1909011683674706,14,1.7380929734771637,JUR
JURUA,Jur_T13,Jur_T13,-67.9095,-6.0569,-0.8689672610421293,-0.8560110372678293,-0.346704813070668,1.9249084487392105,0.5054204758706432,0.16256508274233827,-0.5805967178912443,0.5521605272675065,1.5681259530571734,1.0703044402551185,-0.3187212995282868,-1.247019118611241,50.93259314843228,11.48917194565717,1.2391303420483593,0.7352282023815707,0.37639610368470566,0.2145292120486114,-0.6819521257595272,1.2572286123116834,0.48233866713157636,0.788791535831913,21,1.4916562598855312,JUR
JURUA,Jur_T14,Jur_T14,-68.1476,-6.2364,0.3110376289397825,0.31644376334709334,-0.6295671303314547,1.6199448088727395,0.5551931962599617,-1.1360135112237524,-1.696179516764946,-1.0895213603925589,-0.8118192466725064,0.6716397834966518,-0.5273472880439005,0.6969803937603373,54.34963724119497,12.961036221493353,1.609433962264151,1.5722466280642675,0.41391111341092796,0.406481224264583,-0.9393144727309328,1.013745276833336,0.3049937902191937,1.176385495691235,10,0.6987127794078752,JUR
JURUA,Jur_T15,Jur_T15,-68.1691,-6.232,0.035897514073709724,0.043064092419277764,-0.6353240381755544,1.6078441891964825,0.49927134116642635,-0.9387175869755423,-1.6562137744532581,-0.9338219779951157,-0.2518512954493359,0.353844208216293,-0.3376872984842521,0.4767976785663833,55.58910534591195,14.666835873085072,1.068867924528302,0.601836392309972,0.31047632862620916,0.2081193139744812,-0.8023607391196071,0.6285663610516372,0.17694253863745396,0.774712961516384,16,0.18551937870326943,JUR
JURUA,Jur_T16,Jur_T16,-68.221,-6.2784,-0.3539754213181932,-0.3443142977983044,-0.6353240381755537,1.599448961119071,0.14383139586588348,-1.198671323454904,-1.7764848418741257,-1.242767251902654,-0.8102346139004207,0.6295868266394681,-0.6221772828237243,0.04426970892489707,55.722314222368425,9.816432272845912,1.7763157894736843,1.528926683134395,0.4201682864883495,0.34115046664636317,-1.2142768450219767,0.816925704085858,0.3996981778786396,1.1016482524720201,11,0.6252575519374034,JUR
JURUA,Jur_T17,Jur_T17,-68.2774,-6.4076,-0.21379365860055619,-0.20502946766554545,-0.2907927589502741,1.3429020103372729,-0.29626851817530553,-1.155560741698259,-1.7030850587363533,-1.2655647854317027,-0.6438902396141547,-0.08815739737533147,-0.8497692702953025,0.22249927820507684,57.120870634617944,13.333570428297016,1.5243447619880273,1.2139718751786834,0.37777872295130444,0.2243232915650606,-1.1373523482387335,0.8475872904716197,0.3921684538045575,0.8554166122368763,11,-0.38797285992471503,JUR
JURUA,Jur_T18,Jur_T18,-68.267,-6.3829,-0.9456177742785495,-0.9321711133629513,-0.2907927589502741,1.3429020103372729,-0.2730465802799755,-0.995658977545926,-1.2507578603849245,-1.1598043235330184,-0.39712164776724934,0.6456791595615673,-0.660109280735654,-1.75835671562511,52.537053975801285,10.907181995327054,1.1628205128205127,0.9094668606084111,0.3947690264581571,0.3065011180848997,-0.7479863069923232,0.8229443256665147,0.40941793323578307,0.9681985179683149,15,0.65315532131549,JUR
JURUA,Jur_T20,Jur_T20,-68.3881,-6.4263,0.23347605572036192,0.23937845655353468,-0.3372590816876451,1.2889767467318558,-0.2759755534022061,-1.0689851326928212,-1.45727090384469,-1.1091139165003385,-0.6252050629906386,0.6414389282849684,-0.8308032713393372,0.6397455249266588,56.55106674702381,18.694669978983235,4.335714285714286,1.8207751706957733,0.6475553481275473,0.31157631572025757,-2.2952215615630625,1.2736686482157162,1.1816528731154337,0.7380592621069888,4,0.6457791693182138,JUR
JURUA,Jur_T21,Jur_T21,-68.4179,-6.5494,-0.5057580144860333,-0.4951257321578212,-0.34282416114495656,1.087537338356764,0.16065333951537034,0.168160638909053,-0.5257867286360358,0.34972992926592983,1.9107744767293944,0.9835355042676749,-0.6411432817796896,-0.19409557341338163,44.21111158848039,14.122617307945706,2.058823529411765,2.166201095112367,0.5199859758649114,0.4470972287443271,-0.7755375667537348,1.4941942371826304,0.8982291326542774,0.833158571134812,4,1.3031507908893853,JUR
JURUA,Jur_T22,Jur_T22,-68.5348,-6.432,0.619340327187064,0.6227738316979965,-0.6106634544570883,1.2136991203269902,0.4267093643255076,-0.7603973384705762,-1.085986623086931,-0.8718607562358054,0.08181522054970375,0.6687935404470646,-0.8877012682072322,0.8962892576914473,56.79231486304825,9.52673759258494,2.289473684210526,2.2066247942176624,0.4143125071548761,0.1707888805142016,-1.3965582415881312,1.1962227447955052,0.6092016228172548,0.46596692242892296,7,0.6936844850711542,JUR
JURUA,Jur_T23,Jur_T23,-68.6471,-6.4446,0.4520089769760198,0.45651312675183064,-0.7334391983033977,1.2023424808352055,0.7350328295058053,-0.8300532308095189,-0.9181028426909301,-0.7488703523235067,-0.582808091147109,1.0364296371699036,-0.9256332661191617,0.7931589415466423,50.160926264062496,27.565902685969487,1.125,1.8223480405653527,0.25459723550516544,0.1765634924937721,-0.13713512591585056,1.810788249181053,0.010988583044115867,0.9674716154989141,4,1.416933455754867,JUR
JURUA,Jur_T24,Jur_T24,-68.7515,-6.454,-0.18530784979874868,-0.17672592116109836,-0.555009598310454,1.168390967004627,0.637793656011745,3.084656090740964,2.968942227199386,2.91872794455162,1.9142902303103249,-0.4270542364457015,0.04163268063504393,0.25507079841055835,40.1483841857277,9.355841596298792,0.823943661971831,0.71842757142,0.2752613128176028,0.11587650223549248,0.31491434722956135,1.1597517931223857,0.2692784096584929,0.7897645944032521,13,-0.7382605888291339,JUR
JURUA,Jur_T25,Jur_T25,-68.7457,-6.444,-0.4935498107138301,-0.4829956407987724,-0.555009598310454,1.168390967004627,0.6916361794278428,-0.8477915211144107,-1.210379805378286,-0.6794384862188494,-0.5089111549543937,1.3441164439484403,-1.0583952588109153,-0.17263025251209155,41.93125426356589,17.252953037199063,0.5697674418604651,0.6669471666885934,0.2669373858628956,0.20088049667160296,0.5557281575258567,1.2906545535518434,0.2576039932460575,0.5174694848951861,11,2.1526424710093606,JUR
JURUA,Jur_T26,Jur_T26,-68.8216,-6.4474,-0.8497742640669242,-0.8369408438874342,-0.36346808954681137,1.1324943371530198,0.6146735657232332,2.3751194549928765,2.4289363955039165,2.127957506314471,0.9879379333689963,0.808569292747124,-0.3945852953521462,-1.1519882700215818,43.57967212541698,11.51840836167886,1.0355989173549078,0.8239331344019505,0.30903760087279014,0.22729550623649444,0.005223312890339834,1.3068299906878091,0.24392842020286587,0.8913374344376687,12,0.9506817630322879,JUR
JURUA,Jur_T27,Jur_T27,-68.8804,-6.5903,-0.7017573854954852,-0.6898710297481215,-0.29623847152639604,0.9368597904689273,0.28194085195605134,-0.49997565432484475,-0.9611924364709864,-0.16604896613174924,-0.019642456082349043,1.3645822173742062,-1.096327256722845,-0.6245074600347058,52.28526498561111,6.465211014953316,1.3583333333333334,0.6025530478211827,0.37490929041681215,0.25325810029435647,-0.9802326893715074,0.5596658733739325,0.369788315240512,0.9783946353646463,5,2.2063880892795593,JUR
JURUA,Jur_T28,Jur_T28,-69.1456,-6.6379,-0.9746502190701571,-0.9610177982864603,-0.29216449501794173,0.4625734754903855,0.5763337518548957,-0.6039746285360994,-1.3088023295547135,-0.4956266388244279,0.3358854865853016,1.503656876467493,-1.4946132347981063,-2.0525555422217354,46.34237304372581,6.229109234253245,2.2435483870967743,1.4486182376456302,0.6086535461826192,0.4567997957730014,-1.2476131262581007,0.6922800436822057,1.0673754706651666,0.8767405591396902,8,2.5889945033385966,JUR
JURUA,Jur_T29,Jur_T29,-69.4487,-6.51,-0.3636326571379958,-0.3539097432017311,-0.2907927589502741,0.5041096948927167,-0.03883467935438784,2.454976794743305,2.5477081947876816,1.6334973217740385,1.4580926448694922,1.100981958486641,-0.7739052744714431,0.030712129719760534,48.6275911516158,12.567424318697672,1.7519629277343107,1.4449388085028372,0.4854574798388011,0.3585578926605992,-0.8112600178422331,1.425283548362922,0.5818112211985452,1.2557818953824043,13,1.5606036335058142,JUR
JURUA,Jur_T30,Jur_T30,-69.6004,-6.5093,-0.21160711464135562,-0.20285691398929792,-0.2919091335535322,0.3954853439251688,-0.384294926268805,2.9608537072398744,2.8564097931815375,2.9055109393159086,1.7013256655718443,-0.29743039917802466,-0.12906130996863924,0.22503811352338055,49.899292404995045,16.67284376921411,1.0349755049214195,0.7892262204707721,0.2758194447534395,0.2502927690096647,-0.20033639063801856,1.3816759207474936,-0.09864880185912207,1.0955053380650397,23,-0.612334784898502,JUR
JURUA,Jur_T31,Jur_T31,-69.5789,-6.5147,-0.7348592315444937,-0.72276107845798,-0.2919091335535322,0.3954853439251688,-0.3587858602364928,3.2610211040150383,3.0837232444240423,3.2316343639051373,2.39964404539328,-1.1344414728111312,0.07956467854697447,-0.7202808803957725,36.210612828929335,14.294930722452486,0.7766674957282689,0.5652329490218263,0.17668221404089673,0.09999703927703546,0.5685449605517576,1.1267314460806186,-0.30324493838632816,0.8909711642346493,9,-1.2811396835977413,JUR
JURUA,Jur_T32,Jur_T32,-69.6434,-6.5139,-0.5017493505608323,-0.49114271708470064,-0.3162465373222457,0.37535093110212114,-0.4811677217947176,0.5004702365046609,0.8595690218005573,0.29780525940146485,0.17053008603518957,0.9585419927860352,-0.8497692702953025,-0.1869953445156815,46.41779648148148,14.596234948638333,1.028888888888889,0.7140338633262807,0.34874824278779804,0.23461038500758155,-0.2708436250796439,1.2536511544754927,0.4419642786698485,0.6938340674220821,21,1.2505875224592045,JUR
JURUA,Jur_T33,Jur_T33,-69.7004,-6.5393,-0.5739660385466513,-0.5628973371140986,-0.342824161144955,0.3056278092333284,-0.6385509830488266,3.2471683420847066,3.1310807204135545,2.7566311382915547,2.1463649610453057,-3.4142095223099562,1.2175246159048634,-0.3235182523084748,40.22896632074074,18.17213702515864,1.2555555555555555,0.8353517223301811,0.3834145224027036,0.3146990640741311,-0.06256658185592971,1.857462166593625,0.4264192777667054,1.141249694532962,5,-2.066681457824754,JUR
JURUA,Jur_T34,Jur_T34,-69.7691,-6.5466,-0.7278137010092919,-0.7157606277234047,-0.42375333956952027,0.3309651979064728,-0.7206305845697741,0.5539441998976957,0.6438430460873832,0.7937609912098191,0.9826548894272289,1.4906790893953572,-0.9635652640310914,-0.699098275022428,45.576248825548646,11.801546703393628,1.1166164601090869,1.0009878130413545,0.39676262566833087,0.31953685023562356,-0.28696795070767867,1.2925448806207778,0.4671515564113918,0.9738230031576158,12,2.5519729450112427,JUR
JURUA,Jur_T35,Jur_T35,-70.1189,-6.7768,-0.8613143571849272,-0.8484070994009628,-0.6356912956736274,0.9834710857223352,0.09433345895267647,-0.47297805456178443,-1.034168122302169,-0.36186827401516863,0.5466950116238178,1.3520454431816635,-0.8118372723833728,-1.2080168537365281,50.31583955308989,10.851834240860482,1.298876404494382,1.1256125852765315,0.3460068377880243,0.22342668548057693,-0.6622383422445824,1.0518564961387076,0.3100928572585793,0.9082036815636124,14,2.173389392289822,JUR
JURUA,Jur_T36,Jur_T36,-70.1768,-6.7852,-0.7557528738212994,-0.7435210358087899,-0.4931157050116668,0.9992804033885163,0.10624074291749036,-0.1420047075097126,-0.8526920850132403,0.29112518785399305,0.7475710024883775,1.5224703547190017,-0.8118372723833728,-0.7859294501546916,45.62989318007074,10.557008027657549,1.0635373819493474,1.0053278062972144,0.3369855864939711,0.20489199457198215,-0.28647414778865365,1.0988506781359373,0.41158976275470216,0.6599588238375651,18,2.643160214505418,JUR
JURUA,Jur_T37,Jur_T37,-70.2453,-6.8138,-0.6309983934824663,-0.619564778836222,-0.49311570501166646,1.08483476815489,0.026116068614648612,-0.9190927544397242,-1.3894691194571558,-0.7350586954363135,-0.6209203593929143,1.1019412529762076,-0.7739052744714431,-0.4466055920672122,51.762176623870054,9.048263623933474,1.2169491525423728,1.167861322844563,0.2884900294955075,0.20934252118074498,-0.6099695072823215,0.950947050601672,0.015549791512802646,0.9837261337272559,15,1.5627794611160108,JUR
JURUA,Jur_T38,Jur_T38,-70.3532,-6.691,-0.15475697170214062,-0.14637051840686188,-0.7775323713394189,1.4559330432273767,0.3843831394306038,-1.6405374595940125,-1.6893462851736678,-1.653421060908885,-2.1549859938782574,0.7836989849710886,-0.982531262987056,0.28884213566159805,56.739025552649565,11.54666731355226,1.3974358974358974,0.8535571864556949,0.40659977267996217,0.2122652731976231,-1.1138791247968058,1.0588372397992643,0.5863345551909399,0.5295635495012275,11,0.9034187912824212,JUR
JURUA,Jur_T39,Jur_T39,-70.3021,-6.6607,-0.1588263729595417,-0.15041388219321147,-0.9197407045032964,1.4529011690963596,0.39185697656443147,2.2619666904932147,2.1016296217993147,2.857687146256076,1.120145356654652,0.7683123912019966,-0.4704492911760056,0.2844103112916032,39.75971422230769,12.882250274097606,0.6576923076923077,0.6018057318511423,0.19322075230112237,0.09520394218707706,0.6456319731087616,1.1628640697869672,-0.19969648212809127,0.9305822607353499,9,0.8745176722508277,JUR
JURUA,Jur_T40,Jur_T40,-70.3103,-6.6765,0.709960426829488,0.7128141118358113,-0.9197407045032964,1.4529011690963596,0.37476161652080264,-1.191176147500903,-1.3519307946050976,-1.0895213603925589,-1.3044014612926318,0.5801291628848402,-0.7739052744714431,0.947922585451089,55.6019632767094,13.703100972379966,1.964102564102564,2.0839652550391827,0.3862092752234257,0.2510406714489227,-1.1371576902349916,1.251328174786378,0.47430636734086107,0.6134274885333314,9,0.5411278313216349,JUR
MAR,MAR,mL1_05,-61.446495,3.404995,0.5961386662866578,0.5997206232444808,2.0382321798854894,-1.6713171993346714,-0.16095611179719582,0.7104484808840634,-0.30442150722551303,-0.07719021884947905,0.6368007627561305,-1.1933348406587394,0.19336067228276269,0.8826206495249631,48.30790000494698,5.559922049132257,0.8279711884753902,0.5901007283823732,0.2593738431575899,0.062489641107285616,-0.38866663282578445,0.3642795146056765,0.18737701077796265,0.285697172177384,4,-1.3170880416002348,MAR
MAR,MAR,mL1_15,-61.455485,3.405017,1.2604836058904334,1.2598148485443588,2.0382321798854894,-1.6713171993346714,-0.12210842697674316,1.119235263522552,0.600232959038556,0.4301916600316666,0.162221988602563,-1.9244556988797985,0.5347486534901307,1.21393318452086,51.03976825396826,8.536526567127625,0.7885714285714286,0.5638585885986912,0.23808411186852232,0.0314027528358175,-0.4340851514374666,0.6784316737032854,0.055694730822057614,0.22878492866812145,3,-1.6747058743162282,MAR
MAR,MAR,mL1_25,-61.464495,3.405023,-0.9353531651367468,-0.9219721808272338,1.7778613587167398,-1.6004870262822921,-0.08800246597167033,1.2619043007656927,0.8227115092087817,0.9699014444928804,0.162221988602563,-2.2743255754345024,2.127892565791176,-1.6723680612126814,42.73952457593596,1.095059808547205,1.5010837438423645,0.6020509165531177,0.14636020515384238,0.15698847523143739,-0.4784497289550347,0.10120045844481879,-0.9029274763899922,1.3906865553593912,2,-1.7991057913004815,MAR
MAR,MAR,mL1_35,-61.473495,3.405033,-0.8699997956895296,-0.8570369653927239,1.7778613587167398,-1.6004870262822921,-0.05519386575679301,1.5681411442156334,0.8648274284757522,1.0456432823539221,-1.4952146031669449,-1.1223727955828717,1.7106405887599485,-1.2524020626817005,42.23220871,0,1.78,0,0.07363107782,0,-0.5253335592338229,0,-1.5472003723276524,0,1,-1.2736203207940713,MAR
MAR,MAR,mL1_45,-61.482494,3.405064,-0.5189987529056368,-0.5082817516417646,1.7778613587167398,-1.6004870262822921,-0.023822752234109148,1.607012283623529,1.2529155980816764,1.4600477193412844,1.5042786756101405,-4.261192376381576,1.9382325762315264,-0.21791984269504722,44.32654072935239,7.134615036657401,1.3260571428571428,0.6501741008571468,0.23578583294193425,0.19276096606612783,-0.5149295154683745,0.20814018019406216,-0.27860303347892795,1.4473671497812235,5,-2.1775847688938557,MAR
MAR,MAR,mL2_05,-61.446512,3.395963,0.6987240203724848,0.701649599888428,2.0382321798854894,-1.6713171993346714,-0.1549662421425645,1.1985454748810078,0.9536632363380043,0.9160970694685335,0.6368007627561305,-1.6762190709604963,0.5347486534901307,0.9416659717222338,49.53555102040816,4.747380241880538,0.7326530612244898,0.16162440712835374,0.24278306670607733,0.04360994964538398,-0.34813675660032656,0.028112702685550817,0.09911135581602618,0.26432976318239415,2,-1.5698318930624044,MAR
MAR,MAR,mL2_15,-61.455508,3.395973,0.3090332969771819,0.314452255810533,2.0382321798854894,-1.6713171993346714,-0.1161055700433889,1.038101659658549,0.46473368558906386,0.5940694001891271,0.8956493643108101,-1.0781125664864903,0.09853067750293888,0.6955426022438753,50.827954234966775,8.235858030115681,1.353156146179402,2.017222079462147,0.3000525770581065,0.1717669690836566,-0.6942194307628433,1.161056788750021,0.2733437944970861,0.4798860049021442,3,-1.2455896366759667,MAR
MAR,MAR,mL2_25,-61.46451,3.395991,-0.6947725922924832,-0.6829309277267752,1.7778613587167398,-1.6004870262822921,-0.08201669756295173,1.000885121785993,0.6397947840231885,0.7677142176591168,0.162221988602563,-1.4836717834354398,0.9899326284332852,-0.605439922938408,41.539427642142854,10.281638298384054,1.018095238095238,0.6015134559757708,0.25350428830690036,0.12951403783582427,-0.19203391805237116,1.1329224014836676,0.10807107670064983,1.1694723602687978,3,-1.4774360607692916,MAR
MAR,MAR,mL2_35,-61.473502,3.396,0.6768585807804791,0.6799240631259527,1.7778613587167398,-1.6004870262822921,-0.04925457813507733,1.424465248311422,0.600232959038556,0.6312388453665596,-2.7490169833264595,-2.4668728629595593,1.16062661903697,0.9293753742082691,45.0277074829932,4.747380241880538,0.8861224489795919,0.16162440712835374,0.284192606212031,0.043609949645383984,-0.37483098766325257,0.02811270268555082,0.3501039357228302,0.2643297631823942,2,-1.8575420465711163,MAR
MAR,MAR,mL2_45,-61.482504,3.396008,1.002410681372565,1.0033931660339197,1.7778613587167398,-1.6004870262822921,-0.017960021202752776,1.3209809752151016,1.3034158329758083,1.2440798734271332,1.1220512756872738,-2.2743255754345024,1.1985586169488989,1.0981362892386717,46.222242424242424,4.747380241880539,0.8454545454545455,0.16162440712835377,0.27321947872205876,0.04360994964538399,-0.3677572745962877,0.028112702685550824,0.28359332944191695,0.2643297631823942,2,-1.7991057913004815,MAR
MAR,MAR,mL3_05,-61.446526,3.386908,0.7469494621392976,0.7495664781923321,2.0382321798854894,-1.6713171993346714,-0.1520878510532518,0.7945957235166677,0.2247674316488797,-0.23473947378559779,-0.24141222300743073,-1.9244556988797985,0.5537146524460951,0.9682412923625038,49.1942791750503,3.639078456685006,0.8878269617706237,0.2653262005317563,0.2873721927711076,0.11019739267558014,-0.525372210611354,0.3322763829661886,0.2857196972742055,0.3207585636952356,5,-1.6747058743162282,MAR
MAR,MAR,mL3_15,-61.455523,3.386935,-0.20389347345195355,-0.1951926274092024,2.0382321798854894,-1.6713171993346714,-0.11329006472473009,0.8639722653968662,0.35571915877810223,0.8296754364397709,1.0123901571520841,-1.4836717834354398,0.7623406409617072,0.23394245295702196,47.45087651501984,8.023339241431378,1.4198701298701297,1.5821599167478013,0.2831006896689155,0.1649047127505048,-0.6514809151564014,0.9208005717656683,0.12484071290712329,0.9035013979893491,5,-1.4774360607692916,MAR
MAR,MAR,mL3_25,-61.464523,3.38695,-0.05660544286691469,-0.04884699782863899,1.7778613587167398,-1.6004870262822921,-0.07927569821169364,0.8713516902072012,0.35571915877810223,0.05928515344307818,-0.48295108025762135,-1.9244556988797985,0.591646650358024,0.3900858380059105,49.58084156235714,9.269498581003536,1.5565714285714285,2.0107402501606604,0.3282563373756964,0.164901549458344,-0.7872871996098973,1.1713931453108746,0.40241511687443254,0.4352984575664891,3,-1.6747058743162282,MAR
MAR,MAR,mL3_35,-61.473518,3.386954,-0.15451402237334055,-0.14612912355394553,1.7778613587167398,-1.6004870262822921,-0.046605173275857864,0.914366426381071,0.513094343956367,0.8296754364397709,0.3346242339605516,-1.4836717834354398,1.141660620081004,0.2891060899964264,47.61180148752362,7.40700689852751,1.237074829931973,1.4930321393235966,0.31449217633809023,0.1321092927734965,-0.6144916292970266,0.8779428095414933,0.40581824241206627,0.32951849966302715,5,-1.4774360607692916,MAR
MAR,MAR,mL3_45,-61.482521,3.386966,0.2496321860855663,0.25543121427247495,1.7778613587167398,-1.6004870262822921,-0.015420666442174814,0.5349706566704813,0.48936190108607597,-0.006676254779691658,0.162221988602563,-1.9244556988797985,1.1795926179929346,0.6519460213650268,49.213339689668274,7.801453829465055,1.465072231139647,1.644599456586379,0.32107544465144944,0.17035928641360504,-0.7497559224035498,0.970544497560388,0.3306144090393988,0.6207941575310296,6,-1.6747058743162282,MAR
MAR,MAR,mL4_05,-61.446542,3.377878,-0.21676978787835693,-0.20798655461377125,2.0382321798854894,-1.6713171993346714,-0.15268868357937498,0.38199194270486053,-0.09660807435393211,0.05928515344307818,-2.7490169833264595,-0.9389566545143821,0.07956467854697447,0.219033050541521,49.71938461298611,4.906669200324651,1.0405555555555555,0.8232910229424498,0.3047429251952349,0.0903218257296607,-0.6884185110210177,0.5085895319841381,0.3734119515421789,0.23919736452573193,6,-1.1526275179702428,MAR
MAR,MAR,mL4_15,-61.455539,3.377888,0.07938544392892129,0.08627377109131225,2.0382321798854894,-1.6713171993346714,-0.11403649148073336,0.7865361581645153,0.2247674316488797,-0.006676254779691658,-0.7617872274586978,-1.3263491944057926,0.04163268063504393,0.5150577500387088,50.17602083333333,3.0216589705093497,0.967156862745098,0.17947957421369665,0.2951781771487344,0.03863396028829013,-0.6725145186714555,0.2629407234345953,0.3383031803629978,0.1871852932718746,5,-1.393903843305186,MAR
MAR,MAR,mL4_25,-61.464538,3.377901,-0.3851944100690015,-0.375333536398061,1.7778613587167398,-1.6004870262822921,-0.08015746608279514,1.4399427612175812,0.6397947840231885,0.5154115914548907,0.162221988602563,-1.9244556988797985,1.7296065877159146,-2.5154773057925114e-4,44.50660661796812,5.456412645775128,1.4464891041162227,0.8209614769982354,0.20111986393728545,0.20895417545230965,-0.5481644793708047,0.5013821342956558,-0.5592401141139717,1.3061518524482592,6,-1.6747058743162282,MAR
MAR,MAR,mL4_35,-61.473532,3.377921,-0.7335837475682935,-0.721493755480169,1.7778613587167398,-1.6004870262822921,-0.04762706704895727,1.5910254279301137,1.3630830761750585,1.2833942241090377,-1.4952146031669449,-2.117002986404855,2.184790562659069,-0.7164120398948971,48.853870385267854,14.348648259031082,1.9464285714285714,2.8789347519738007,0.37292387792142856,0.21857397312237042,-0.9859503716531997,1.7076229201403683,0.578161172752662,0.44868402256006884,2,-1.746275378262268,MAR
MAR,MAR,mL4_45,-61.482535,3.377929,0.10641355675792843,0.11312894847826102,1.7778613587167398,-1.6004870262822921,-0.0165881544451543,1.6828358942703778,1.1384230096692975,0.6312388453665596,0.3346242339605516,-2.8724320799085086,1.5020146002443364,0.5381061678552446,49.781062209893825,7.299525905288552,1.1104247104247105,1.640636507256799,0.28070468856598907,0.14141086891216093,-0.5522321662026808,0.9437219239666934,0.22849918351530044,0.4167977256178357,3,-1.9612269194937006,MAR
MAR,MAR,mL5_05,-61.446555,3.36882,0.21452600807395708,0.22054965802605614,2.147787034602384,-1.6780752491115565,-0.15773731729717674,1.5343741439545275,1.5539759925642511,1.1606010788777528,-1.4952146031669449,-2.8724320799085086,2.3175525553508236,0.6252391050285587,50.49466666666667,0,0.7,0,0.23397252638566166,0,-0.3424571329699168,0,0.045708679240110434,0,1,-1.9612269194937006,MAR
MAR,MAR,mL5_15,-61.455548,3.368849,-0.1523274784141399,-0.1439565698776979,2.147787034602384,-1.6780752491115565,-0.11934213660902614,1.0561323324821925,0.6587111883842345,0.23492420978532688,0.3346242339605516,-2.2743255754345024,1.9951305730994215,0.29147848887128,49.7399949819502,4.930114686947558,0.9305728088336783,1.0289069283705732,0.266483984248304,0.09441656839630888,-0.4867770029566067,0.6011634084302198,0.18513876163606988,0.3477769387889306,6,-1.7991057913004815,MAR
MAR,MAR,mL5_25,-61.464549,3.368855,-0.8056789608897125,-0.7931276780831087,1.896207856381165,-1.613614703860594,-0.08568526203132952,1.3165756427215993,0.7123773252117982,0.7677142176591168,0.6368007627561305,-1.6762190709604963,1.9382325762315264,-0.9632701912105824,50.951771478155166,9.000338667408718,1.8067444120505345,1.7731616746393872,0.4070947225054609,0.25124007272850785,-1.051641326900747,1.1024362746349472,0.5487037397829164,0.8096006353424302,7,-1.5698318930624044,MAR
MAR,MAR,mL5_35,-61.473545,3.368873,-0.23432287688416165,-0.22542733273698073,1.896207856381165,-1.613614703860594,-0.053364710079992814,1.4047249822735903,1.0318419359806472,1.0456432823539221,0.49201515270081714,-1.6762190709604963,1.0278646263452158,0.19833645620574808,48.926,0,1.7,0,0.06676587944640816,0,-0.7403589136674371,0,-1.7566180729547172,0,1,-1.5698318930624044,MAR
MAR,MAR,mL5_45,-61.482544,3.36889,-0.23231854492156104,-0.22343582520042043,1.896207856381165,-1.613614703860594,-0.02252744206686998,1.1302348632789232,0.8914666478942912,0.9433532740013655,1.0123901571520841,-2.2743255754345024,1.5399465981562652,0.20072193555142462,49.674268525967264,8.133232479236334,1.3232142857142857,1.808725420756466,0.3034482021535451,0.15236854819602483,-0.6642037523115583,1.0465111111684418,0.3119349259963862,0.4277203572051288,3,-1.7991057913004815,MAR
MAR,MAR,mL6_05,-61.446569,3.359785,0.9901417402681619,0.9912027259616419,2.147787034602384,-1.6780752491115565,-0.16601909987568994,1.1934761467680373,0.48936190108607597,0.23492420978532688,0.162221988602563,-1.9244556988797985,0.6295786482699545,1.0922757316159482,48.455507078507075,3.9229883773379792,0.8132239382239381,0.1612537864064212,0.2630139241934082,0.04039082689039422,-0.4114618857459246,0.16773008533291386,0.20823090438476127,0.2263961171522259,4,-1.6747058743162282,MAR
MAR,MAR,mL6_15,-61.455568,3.359804,0.3237924687017859,0.32911699312520404,2.147787034602384,-1.6780752491115565,-0.12793014554897658,1.275895905666856,1.1016487594322166,0.8880940274178031,0.3346242339605516,-2.8724320799085086,1.426150604420477,0.7060809375383138,50.893863563411855,8.198101139996691,1.1293313069908815,1.3393825779050599,0.27469753221698767,0.11444663826556147,-0.6272799823442137,0.8575460751399954,0.19361834666485458,0.36770279346597395,5,-1.9612269194937006,MAR
MAR,MAR,mL6_25,-61.464567,3.359813,0.33685099512478933,0.34209196646946016,1.896207856381165,-1.613614703860594,-0.09452207988994772,1.3209809752151016,0.5359938955124457,1.0456432823539221,-2.0155896076182125,-1.4498288070734262,0.8571706357415326,0.7153115241752732,49.57381791849343,6.244159078809945,0.8955665024630541,1.266312942912515,0.2595182764846891,0.11319170005178575,-0.43532765196894224,0.7240567068213021,0.15782130621060825,0.36755377269892153,3,-1.4601039646390137,MAR
MAR,MAR,mL6_35,-61.473562,3.359826,-0.3703137636799975,-0.36054810165693185,1.896207856381165,-1.613614703860594,-0.06242572938180677,1.5274614071608899,1.0422832828307593,1.2639260717215568,0.162221988602563,-2.8724320799085086,1.312354610684687,0.021221815815125594,56.74334285714286,15.276435916008632,1.4514285714285715,0.6161930521768486,0.2586420392828256,0.04360994964538399,-1.1591578260952913,0.9156364927052585,0.06081939627135295,0.42274145450168593,2,-1.9612269194937006,MAR
PEC,PEC,PEC_01,-55.80757,-9.46218,-0.04968138699611282,-0.04196724452052173,0.42024890686911576,-0.9752512133881197,-0.7547126216403597,0.8490239244587653,1.198177036598458,0.7017528094363468,-0.7159909971609982,-0.2874587744874279,0.5347486534901307,0.39684851556134,47.57940590375488,11.349031170247224,1.1661826697892272,0.655856237093454,0.3094115858337077,0.1902821960810397,-0.5835827432463712,0.7265467386963508,0.14319247051987738,1.1362263806757045,8,-0.6022501756135865,PEC
PEC,PEC,PEC_02,-55.81631,-9.46355,-0.06365097340211653,-0.05584744856321437,0.42024890686911576,-1.0402675082766848,-0.775762266284242,0.921334245323354,1.198177036598458,0.995777436665023,-0.7159909971609982,-0.4800060620124843,0.7244086430497783,0.3831563329597989,44.08209367321429,7.401204905119285,1.022142857142857,0.6317739484938144,0.24521381402129333,0.1824221275862878,-0.27523301853508875,0.5640976129341643,-0.18308368041019507,1.2898675505221766,5,-0.7870418401998122,PEC
PEC,PEC,PEC_03,-55.82533,-9.46514,0.007411705271902344,0.014760545914830787,0.42024890686911576,-1.0402675082766848,-0.796360773877794,1.432238247496654,1.473558036843087,1.9116216015060792,-0.8201424324853245,-4.261192376381576,2.241688559526964,0.45090244915467964,49.117004892500006,11.786138894462187,1.017777777777778,0.47490058786695016,0.2828693367632363,0.10237946269043628,-0.5893631397239448,0.37837472901791847,0.21669935236200222,0.7463937517039969,5,-2.1775847688938557,PEC
PEC,PEC,PEC_04,-55.83458,-9.46639,-0.6923430990044825,-0.6805169791976112,0.42024890686911576,-1.0402675082766848,-0.8182785155730747,1.4087088463419735,1.586265206204382,1.491989290727463,0.1008990151069007,-1.0781125664864903,1.483048601288372,-0.5988936550718554,29.616339644254396,15.53690490471574,0.4817979978273032,0.5996515326524406,0.2566949991547988,0.0838523062537985,1.2327391221476822,1.6362880759150902,0.5090532609865034,0.17084877135304835,6,-1.2455896366759667,PEC
PEC,PEC,PEC_05,-55.842,-9.46677,0.8500207148827248,0.8519782445421119,0.42024890686911576,-1.0402675082766848,-0.8373335876217045,1.0501633219300883,1.275038742340816,1.2238406556709291,-0.7617872274586978,-0.8855652789614339,0.9140686326094258,1.0227360062282866,54.654905475532914,12.821365102382538,0.8908002991772626,0.5941955833192409,0.3268708733681591,0.11577324081375287,-0.6998301954243192,0.5403273588203311,0.4121530968260516,0.5426741040024128,8,-1.1149221975402965,PEC
PEC,PEC,PEC_06,-55.85116,-9.46744,0.6891275218848825,0.6921145031982305,0.42024890686911576,-1.0402675082766848,-0.8553708671431454,1.2135794838721314,1.3437938810263257,1.5677311285885043,-0.7976072984821486,-0.7282426899317864,0.9140686326094258,0.9362907134851195,51.487449677061285,18.76049631324748,3.2753968253968253,2.1533738219713503,0.4750604225866104,0.23911073045849976,-1.5455538344156667,1.7158295512273325,0.676177634480457,0.9725072106360081,9,-0.9967898027074595,PEC
PEC,PEC,PEC_07,-55.81703,-9.47155,-0.024293182136506154,-0.01674148239075867,0.42024890686911576,-1.0402675082766848,-0.7846790584381453,1.108095537710191,1.3437938810263257,1.2238406556709291,1.4160243687620775,-0.8855652789614339,0.9140686326094258,0.4212536674488973,43.983309719518125,13.158755959613446,1.3746036212765038,0.6889787805037556,0.309963651659502,0.15587648580712238,-0.5027076512467256,1.0161792376611882,0.24446492341610848,1.0141542606109526,11,-1.1149221975402965,PEC
PEC,PEC,PEC_08,-55.82377,-9.47361,1.1068788927565927,1.1071929527879687,0.42024890686911576,-1.0402675082766848,-0.8049187070143881,0.7865361581645153,1.111038421516269,0.7017528094363468,-0.29236923990460845,-0.2874587744874279,0.5347486534901307,1.1466689102707228,48.3375364568381,15.391697642862166,1.5257142857142858,0.8404484726644945,0.40263753921132833,0.20774165028262845,-0.813588209575925,1.1026611328903944,0.5680903874789324,0.9849398666577569,8,-0.6022501756135865,PEC
PEC,PEC,PEC_09,-55.83256,-9.47534,0.1927820431463513,0.1989448186900389,0.42024890686911576,-1.0402675082766848,-0.8265124502826111,0.6835399993150473,1.0104442729036198,0.7017528094363468,-0.7617872274586978,-0.2874587744874279,0.7244086430497783,0.6083252978002255,42.42601029788889,14.68459767751062,1.326,0.7772700475393987,0.3051632258800841,0.16577602609269956,-0.4071697390104951,1.104192970674559,0.2503644302319775,1.009327717892396,9,-0.6022501756135865,PEC
PEC,PEC,PEC_10,-55.8416,-9.47601,0.014760922468104204,0.022062740215551605,0.42024890686911576,-1.0402675082766848,-0.8453426373470604,0.5019683758726551,0.7458498034664236,0.7017528094363468,-0.24141222300743073,-0.06106851060035764,0.34508866393048143,0.45764900539250536,36.95564412842491,15.794516855698811,1.1406593406593406,1.0424920330307066,0.34670548707815174,0.2139707815306144,0.22464462065878885,1.6486721561394915,0.5760910142225227,0.8272659003021454,9,-0.35689106862865383,PEC
PEC,PEC,PEC_11,-55.85208,-9.47727,-0.5809508317496531,-0.5698374391354449,0.42024890686911576,-1.0402675082766848,-0.8632281707697543,2.908066729533402,2.846392424850297,2.6905646297919055,0.4992650801461032,-4.261192376381576,4.138288455123447,-0.337788863668179,38.72680357142857,15.000189622262381,0.8273809523809523,0.7808675481679118,0.13183845100321995,0.1059263505742235,0.7400914842303399,1.6396967578735633,-0.7982881734459781,0.8338109211402579,7,-2.1775847688938557,PEC
PEC,PEC,PEC_12,-55.86101,-9.47834,-0.4846821602126278,-0.4741847286673241,0.42024890686911576,-1.0402675082766848,-0.8799926969764739,1.443769711091591,1.5150049962810004,1.824586310639748,0.028171451456800032,-0.8855652789614339,1.8623685804076673,-0.15732780947270025,43.94985632183908,19.8531494079203,1.2586206896551724,0.844995179828018,0.2444701138845563,0.17978559617694012,-0.08997191020855096,1.6081410254567048,-0.15366713716716385,1.141361865550613,8,-1.1149221975402965,PEC
PARA,PIME_Apr,PA_Apr_1,-57.699189340052,-5.896902014427888,2.5977374489381866,2.5885124677094162,0.23670367503977588,-0.6045504647872577,-1.8672815241518197,-0.3335849618901829,-0.30442150722551303,-0.5287641010142742,0.6368007627561305,0.6460149914136102,-1.8549672149614378,1.6607690410123255,49.852865820457396,12.692179300328426,1.3699248120300753,1.2578879676398154,0.3885531670181619,0.18507960806594828,-0.8876101983141238,0.9279085685342839,0.6434489734774231,0.4401275165065227,5,0.653740297084675,PIME_Apr
PARA,PIME_Apr,PA_Apr_2,-57.70595937801942,-5.892221983360196,1.8935488194112007,1.8888294865312507,0.23670367503977588,-0.6045504647872577,-1.821439164428271,2.2772644649026375,2.3396528338189913,2.0389305706719347,1.6688333838173381,-1.9244556988797985,1.6727085908480195,1.4508207345461142,41.36600799319728,13.970397502823722,1.3772108843537414,0.4843165693030074,0.27510904053244956,0.20378565955108616,-0.3922416417832041,0.693946199264566,0.003916423359888347,1.2092802537486782,10,-1.6747058743162282,PIME_Apr
PARA,PIME_Apr,PA_Apr_3,-57.71440942369826,-5.88443193413314,-0.6276578402114655,-0.6162455996086216,0.09518195281425186,-0.5641820283975421,-1.7760882706731886,-0.5287143243600247,-0.30442150722551303,-0.7856192830655175,-0.028359851750450665,0.41228097862198004,-1.5135792337540714,-0.4389541524914535,50.07802932330827,17.292310490212156,0.9278195488721804,0.3652371550317015,0.30395162126119607,0.14493123395686572,-0.4809384297160714,0.8869610347478829,0.2929549691644609,0.7026507732553464,10,0.2729357095421185,PIME_Apr
PARA,PIME_Apr,PA_Apr_4,-57.72022945362535,-5.877311890817299,-0.5212460341970374,-0.5105146540312412,0.06254994051267021,-0.5974414716658042,-1.7300531523917697,-0.17415266401652277,0.14790572590652148,-0.42108069176705387,0.3346242339605516,-0.4276939677608789,0.6106126493139901,-0.2220214672773717,54.45273241341991,8.460738725706593,1.7675324675324675,0.6394647640194046,0.6602136706469984,0.3731361010208842,-1.4772772406974053,0.8219333375254294,1.1130672027333464,1.3150895988432614,7,-0.7388589106073467,PIME_Apr
PARA,PIME_Apr,PA_Apr_5,-57.72772949449266,-5.870771849150277,4.266495651133628,4.246593363678894,0.06254994051267021,-0.5974414716658042,-1.7300531523917697,-0.3939162372011859,-0.09660807435393211,-0.7856192830655175,0.162221988602563,-0.6591750150743637,0.5157826545341646,2.02971635484376,48.894216210099195,9.87806903560251,1.2823809523809524,1.047388328059774,0.40515357705943106,0.2636801367500662,-0.7902827374795397,0.9462330058000555,0.643804902136879,0.6073664373540788,10,-0.941427109165375,PIME_Apr
PARA,PIME_Ar,PA_Ar_1,-55.913747641217164,-5.449711035600156,2.494058822872759,2.4854972142273457,0.3724077831282813,0.03863753225561095,-0.8487015577490752,-0.17415266401652277,-0.1588046627976451,-0.5287641010142742,1.0123901571520841,0.6605176065412822,-1.7411712212256487,1.6325393041022973,58.16553045077097,8.961336183517753,2.886122448979592,2.177413170525185,0.49501611264782597,0.25150502452098317,-1.7668577721980816,1.1810360669116138,0.77455802045778,0.6491597556834696,12,0.6791108923886464,PIME_Ar
PARA,PIME_Ar,PA_Ar_2,-55.9190276805353,-5.456221068398932,3.4298996374106068,3.4153501876612933,0.29507405631810135,-0.01053324793005563,-0.8766412955252977,2.647389724513775,2.643697853578414,2.26883365893756,2.4282878916714004,-2.8724320799085086,2.469280546998542,1.8619996273485764,35.65028395061728,16.528393100203473,1.0462962962962963,0.7248760888107392,0.2552575744601725,0.09239989694624504,0.36793867608292186,1.4785003637291945,0.2640636967803482,0.867929801632749,9,-1.9612269194937006,PIME_Ar
PARA,PIME_Ar,PA_Ar_3,-55.924757722372256,-5.462231097984597,5.226570661219281,5.2005254736912505,0.29507405631810135,-0.01053324793005563,-0.9044060468092685,-0.01877817690703462,0.012406452457029395,-0.006676254779691658,0.7708512999018932,1.3276917858727106,-1.8928992128733675,2.192374742960765,57.56359288738403,9.544112316561442,1.9465677179962897,1.397291419973961,0.5705030658384442,0.28166108862707395,-1.565070420553509,0.704257151780189,1.0251436615462266,0.592774994458408,10,2.109967960504917,PIME_Ar
PARA,PIME_Ar,PA_Ar_4,-55.93190777490465,-5.47014113721305,-0.6013585753688586,-0.5901146067804219,0.29507405631810135,-0.01053324793005563,-0.9269212033257443,0.16406353630189033,0.48936190108607597,-0.07719021884947905,0.49201515270081714,0.46797031901622566,-1.323919244194423,-0.3807140449520166,50.71530608146873,13.27309118081909,1.4793459552495698,0.8937390945889518,0.5634296046757064,0.4337292270040319,-1.0191790657335908,0.8734011166165963,0.8778480226450412,1.12307829121222,12,0.3590423405100775,PIME_Ar
PARA,PIME_Ar,PA_Ar_5,-55.93953782928212,-5.476461167009524,0.38124998496300094,0.3862068758399309,0.29507405631810135,-0.01053324793005563,-0.9269212033257443,0.2725421999473532,0.2247674316488797,0.05928515344307818,1.8906031429156454,0.9087542344605842,-1.2480552483705638,0.7460613967696873,58.70792255992346,19.313683364160354,0.910841836734694,0.7221869228057105,0.33099569357694675,0.25264979281168126,-0.6013245214600582,1.3032369541908897,0.2291956857301283,0.7841001218635294,14,1.1481215946978236,PIME_Ar
PARA,PIME_Bed,PA_Bed_1,-55.153,-8.44913,1.479259476474891,1.4771909135955708,0.4283820293504769,-0.4450174319676528,-1.4863325128189635,0.21221092463635005,0.5359938955124457,0.05928515344307818,0.49201515270081714,0.3928894819295103,-0.8308032713393372,1.3024135387382836,39.91836607142857,9.611366975269025,1.3486607142857143,1.3406789956651064,0.33666617501769275,0.14794559071089233,-0.38041523715371955,0.6855758007062603,0.5793715328373861,0.6495933648023209,5,0.24359894904269078,PIME_Bed
PARA,PIME_Bed,PA_Bed_2,-55.16067,-8.44183,-0.12936876684253384,-0.12114475627709871,0.4283820293504769,-0.4450174319676528,-1.468005411919733,1.135683208944832,1.3103214027717003,1.2031925372900405,1.1220512756872738,-0.2874587744874279,-0.37561929639618175,0.31604835191416664,43.52188859316964,15.259088116949657,2.1816964285714286,1.5746787514299891,0.33726573265196336,0.27419370421602307,-0.7675905727859841,1.2431037941204814,0.11361215124901826,1.4396176673602623,6,-0.6022501756135865,PIME_Bed
PARA,PIME_Bed,PA_Bed_3,-55.16909,-8.43435,-0.94743989424455,-0.9339815747598244,0.42024890686911576,-0.46697468978489176,-1.4165962944114856,1.6681880366926123,1.8341456704554098,1.3024984644051658,2.1494517444703245,-0.7282426899317864,0.19336067228276269,-1.774440981691911,44.1443151622016,5.987321470348426,1.7283854166666666,1.0862539401029845,0.21110839960564773,0.14967392557667325,-0.6554649841236564,1.1227592876472638,-0.19473615596363775,0.7758919977440324,7,-0.9967898027074595,PIME_Bed
PARA,PIME_Bed,PA_Bed_4,-55.17367,-8.43113,-0.7473711219776972,-0.7351929133831744,0.42024890686911576,-0.46697468978489176,-1.4001940449270032,1.119235263522552,1.423549472912955,0.8296754364397709,0.49201515270081714,-0.7282426899317864,0.25025866915065764,-0.7590638193383019,42.238962752485115,12.988527518725357,1.258392857142857,1.4059957694150518,0.26906197796161696,0.23997891717715766,-0.00421349761668768,1.5023516197179034,-0.07111526278572518,1.1971150885706645,10,-0.9967898027074595,PIME_Bed
PARA,PIME_Bed,PA_Bed_5,-55.18075,-8.42505,-0.6052457646296596,-0.5939769244270843,0.42024890686911576,-0.4139918390789478,-1.335034816957435,2.2668982189459337,2.2849320049822355,1.9723551359375953,3.4032541246298393,-2.2743255754345024,1.3692526075525822,-0.38910756873167357,40.45260070441043,11.777760057353218,0.948469387755102,0.6804553256005378,0.22202563578669124,0.15725930566347837,0.14245895592635496,1.210703176344768,-0.1606290610200421,1.1046720776805568,10,-1.7991057913004815,PIME_Bed
PARA,PIME_Bur,PA_Bur_1,-57.87841076649121,-6.2452437102415495,1.5043439946734978,1.5021149321591885,0.10080414851764252,-0.3321035893105816,-1.3871179058772383,-0.6881466222336847,-0.4921542709203511,-0.9431685380016365,-0.24141222300743073,0.7811161304290588,-1.646341226445825,1.3120669105603298,48.36574131944444,17.421997175305567,1.3187499999999999,1.043585899076714,0.4044266851289452,0.2473777808925611,-0.6379975137117659,0.9685064797592801,0.6458530046567408,0.7618696708290051,10,0.8985493204566584,PIME_Bur
PARA,PIME_Bur,PA_Bur_2,-57.88754081542858,-6.237093658538215,0.08618802513532298,0.09303282697297116,0.10080414851764252,-0.3321035893105816,-1.3282670776614747,1.700095467403092,1.8122347786802027,1.7418321152683724,1.323242263614682,-0.06106851060035764,0.30715666601855257,0.5209098867239323,36.690291374663076,11.360042943646397,0.4037061994609164,0.8296221695649373,0.22637732916335393,0.10100274539530689,0.9266609302346662,1.3251307877599625,0.19672511329040407,1.1648975727413227,4,-0.35689106862865383,PIME_Bur
PARA,PIME_Bur,PA_Bur_3,-57.894160851373684,-6.2316836237040345,1.5270597569163036,1.524685350906871,0.10080414851764252,-0.3321035893105816,-1.3154021527761834,0.7945957235166677,-0.3915601223077018,1.8358797636450377,0.162221988602563,0.5534744010754463,-1.3997832400182824,1.3207275022819087,57.37791137466307,16.622731780319484,0.9209703504043127,0.7525419846502522,0.3101017455876346,0.17743587737245894,-0.7710258275688646,0.9080014483408425,0.2999066772230408,0.5806661870937168,10,0.49677685661269194,PIME_Bur
PARA,PIME_Bur,PA_Bur_4,-57.899180876932256,-6.225753587608617,-0.4909988427614294,-0.4804609948431503,-0.026145483189026254,-0.352724187645556,-1.273059522897631,1.4920534669351817,1.7522626831588382,1.093188929321597,0.3346242339605516,-0.8855652789614339,0.6864766451378495,-0.16820367214042314,41.04731742424242,9.04009650350122,0.8727272727272727,0.8718501587924975,0.25285273868893837,0.18002458986997172,0.25196581187946754,1.317138924789242,0.08919157064167356,0.9537862958499936,6,-1.1149221975402965,PIME_Bur
PARA,PIME_Bur,PA_Bur_5,-57.90468090560074,-6.219973551866591,1.0603540962913804,1.0609658384544796,-0.026145483189026254,-0.352724187645556,-1.223046879622455,-0.5287143243600247,-0.3915601223077018,-0.7856192830655175,0.162221988602563,0.8757737122312673,-1.5704772306219656,1.1253509085074747,50.44050044642857,14.561116265159804,1.6627232142857142,0.8860306871897964,0.5419641779924107,0.2192462016424889,-1.1572981310641637,0.49348958237173207,1.0760979194363087,0.5876691449375416,6,1.0818554724120253,PIME_Bur
PARA,PIME_Cup,PA_Cup_1,-55.23129253289459,-4.531176214533733,-0.20188914148935305,-0.19320111987264219,0.42024890686911576,-0.8512434756807101,-1.176780040947003,0.914366426381071,1.2222007404671564,0.7677142176591168,0.162221988602563,-0.4800060620124843,0.2312926701946932,0.23624301197246236,42.50513316864993,13.226011955399112,1.2400837551192174,1.2716548708634612,0.33957041908074076,0.255066154247964,-0.18337863191786855,1.265550644638737,0.36774733846387525,0.993877132608603,20,-0.7870418401998122,PIME_Cup
PARA,PIME_Cup,PA_Cup_2,-55.224902493265695,-4.534726239620737,0.8483200695811245,0.8502884805716973,0.42024890686911576,-0.8512434756807101,-1.1859969075934766,0.0774128374775113,0.2600500920797639,0.33721421813788344,-0.24141222300743073,0.44980364195868644,-1.0773612577668805,1.0218609843137512,52.893103384687215,10.33404973418675,0.7305322128851541,0.7216186957764373,0.2609655125423822,0.21466886623649503,0.12504219865672736,1.3067562300870625,-0.09658210458984504,1.0362290934832261,18,0.33064716760280705,PIME_Cup
PARA,PIME_Cup,PA_Cup_3,-55.21373242315886,-4.539666276030295,-0.15585024368174083,-0.1474567952449856,0.42024890686911576,-0.9291622464010735,-1.194888408730921,1.2234604551119774,1.387945902588169,1.2440798734271332,1.4160243687620775,0.17041253671312712,-0.6980412786475837,0.2876534615834041,46.862692476123186,9.464620808004115,1.3141304347826086,0.6754230428452982,0.25055970153978196,0.21369324024932618,-0.5616418522005934,0.6525353611003787,-0.2523317982119448,1.2586308876051122,13,-0.07041637492240409,PIME_Cup
PARA,PIME_Cup,PA_Cup_4,-55.20704238150841,-4.543156300972694,-0.8983641298269371,-0.8852198144707129,0.42024890686911576,-0.9291622464010735,-1.1809865521708547,1.757954644415098,1.8493577871625269,1.8470497884637438,1.4160243687620775,-0.2874587744874279,-0.1859593068365342,-1.4131606339292582,44.157920130709876,8.67867945534505,1.8305555555555557,0.5499533437955498,0.20103990832591442,0.10505253112283996,-0.8150397336499153,0.7114851451777863,-0.2948925577167237,0.9429425794034932,7,-0.6022501756135865,PIME_Cup
PARA,PIME_Cup,PA_Cup_5,-55.199742335944855,-4.54679632720381,0.11716406455733126,0.1238106707198114,0.42024890686911576,-0.9291622464010735,-1.1908377448517313,-0.10415878596488083,0.060767110824332504,-0.32366919911047975,0.7708512999018932,1.3977800229873967,-1.6653072254017893,0.547125314254964,61.23536077322018,14.493136751678543,0.6454031117397454,0.5764335289307981,0.2582725287991629,0.19790746891499847,-0.20640195326842162,1.3437993201945828,-0.07588521583950912,0.76101254172847,12,2.294936489085461,PIME_Cup
PARA,PIME_EuG,PA_EuG_1,-55.21603,-6.50459,2.7789776482230346,2.7685930279850464,0.42024890686911576,-0.9080196027090238,-0.8817774224892253,2.4208511350886415,2.445495023911175,2.184572346091194,2.1494517444703245,-2.8724320799085086,1.6727085908480195,1.7082466363153535,50.88347248677248,17.80629714870432,1.078835978835979,0.5122088459197296,0.3377936457942632,0.163366615460363,-0.5911486778338135,1.5055620999169501,0.35816673015081374,0.8709869992037811,7,-1.9612269194937006,PIME_EuG
PARA,PIME_EuG,PA_EuG_2,-55.21349,-6.51725,0.6375615268470688,0.640878445666726,0.42024890686911576,-0.9238644682568723,-0.8589628750211639,2.488150229341928,2.5333870974030095,2.057181896708628,1.7458175328603316,-2.8724320799085086,2.033062571011352,0.9068918419442545,35.36248,19.91260509511959,0.85,0.6627756822170466,0.28942507569110776,0.13733518507756048,0.6327746652381409,1.7178856738106711,0.4031178043876984,0.97941329843433,11,-1.9612269194937006,PIME_EuG
PARA,PIME_EuG,PA_EuG_3,-55.21162,-6.52795,0.331870533884388,0.33714337198467403,0.42024890686911576,-0.9238644682568723,-0.8366452618494554,2.1524686412579954,2.236927261680258,1.8905477188625177,1.8906031429156454,-2.2743255754345024,1.2744226127727583,0.7118012583318674,46.97367256415413,15.732753846047384,1.0499258526209014,0.5209940239423103,0.261164543609272,0.1694503018847049,-0.29989180166507184,1.2557560039690467,-0.08407894128505186,1.1366634039918115,7,-1.7991057913004815,PIME_EuG
PARA,PIME_EuG,PA_EuG_4,-55.2087,-6.53644,0.38580528487800214,0.39073302933211324,0.42024890686911576,-0.8745495551548982,-0.7875150699863679,2.130111599604352,2.188694320361234,2.07511300746965,1.588426614120066,-2.2743255754345024,1.3313206096406534,0.7491624748196691,42.65125019047619,12.338895668865048,1.3354285714285716,0.7759144960154623,0.34469697771742835,0.17957295594533662,-0.47657698796454206,0.7716850034820598,0.4415390151395804,1.0078515183984356,10,-1.7991057913004815,PIME_EuG
PARA,PIME_EuG,PA_EuG_5,-55.20746,-6.54365,-0.19745531623875184,-0.18879566380691798,0.42024890686911576,-0.8745495551548982,-0.7675317492796314,0.6557771389281566,0.38472705686298597,1.3212521483275035,1.0123901571520841,-0.24535845963002917,-0.07216331310074428,0.2413130429155456,60.900446491228074,10.074698906536774,0.819078947368421,0.36176491928806365,0.2879984923248314,0.15949724413905017,-0.8758822335093647,0.3930152640969171,0.19955863164502585,0.5552223822101405,7,-0.5590246106743403,PIME_EuG
PARA,PIME_F117,PA_F117_1,-54.95453,-3.3556,4.9445672278146064,4.920326398168547,1.1312905726885063,-1.2737796999692654,-1.2818416574774207,0.04019629960495533,0.187467550891154,0.17966496320176467,0.3346242339605516,0.7811161304290588,-1.8360012160054735,2.147328969361148,57.446691763453344,3.5212017153151267,0.4834494773519164,0.9082391106408317,0.24694851069002063,0.31376258809402674,0.5173773193831579,1.838662008640136,-0.24144758729668786,1.2606417885496108,7,0.8985493204566584,PIME_F117
PARA,PIME_F117,PA_F117_2,-54.96264,-3.35101,0.6590625424458745,0.6622418901498268,1.1312905726885063,-1.2737796999692654,-1.3044730159614073,0.18040899632697932,0.7458498034664236,-0.5287641010142742,-1.0915803915569517,-0.4800060620124843,-0.9445992650751263,0.9192572812890816,56.008726684636116,4.946113212553832,1.2199460916442049,1.0100713766009815,0.5257034028256065,0.3919937779199436,-0.6333718552241037,1.5754982320343978,0.6861504518572938,1.2425645317591152,6,-0.7870418401998122,PIME_F117
PARA,PIME_F117,PA_F117_3,-54.97189,-3.35008,0.0030993546857011134,0.010475787275564714,1.1312905726885056,-1.3135318247367458,-1.3283484190387314,0.36903679241185533,0.5795147028486127,0.5940694001891271,-0.24141222300743073,-0.06106851060035764,-1.267021247326528,0.4469220204944664,56.81695365986395,4.605649718902274,0.5115918367346939,0.9234628204303216,0.257628228986449,0.33113990314153746,0.49367778235444076,1.787322271120452,-0.20754636764605922,1.2657937316783592,6,-0.35689106862865383,PIME_F117
PARA,PIME_F117,PA_F117_4,-54.97945,-3.34535,2.208836310861484,2.2020996569035,1.1312905726885056,-1.3135318247367458,-1.3245076022420441,0.19645452266690144,0.46473368558906386,0.28734837244898453,0.162221988602563,0.17041253671312712,-1.2859872462824935,1.550406686979375,56.987669064748204,3.7582597455227953,0.7028776978417266,1.0206964222006798,0.3332433106971223,0.38201294412155573,0.16280504966816964,1.8014379433526337,0.04843059215122015,1.341315854324953,5,-0.07041637492240409,PIME_F117
PARA,PIME_F117,PA_F117_5,-54.98792,-3.34261,1.1906356738604151,1.1904138283308956,1.1312905726885056,-1.3135318247367458,-1.3501595283402963,-0.42571816551055663,0.10578980663955104,-0.6491439107729605,-1.4952146031669449,-0.4276939677608789,-0.7359732765595134,1.183916851274294,57.11432344632768,6.662235220876444,1.5830508474576273,0.6141577513878202,0.6312075356867205,0.25725231154920875,-1.5001102260412569,0.322468849311517,1.217444176797291,0.514614491266537,5,-0.7388589106073467,PIME_F117
PARA,PIME_F83,PA_F83_1,-54.97366,-3.01921,0.5452407819030443,0.5491484015584964,1.4758218519137893,-1.41547560232315,-1.2427321764595796,1.2896671611525832,1.586265206204382,0.8880940274178031,0.162221988602563,0.41228097862198004,-1.3618512421063527,0.8519513452440602,53.74747718253969,9.749601595231114,0.9490079365079366,1.1524361674470298,0.3759532389509942,0.42796827754983874,0.05887956803794554,1.688514946406895,0.08961308819128795,1.4565399036363311,11,0.2729357095421185,PIME_F83
PARA,PIME_F83,PA_F83_2,-54.98259,-3.02227,0.275324077606173,0.28095871996838345,1.4758218519137893,-1.41547560232315,-1.2781143084843019,1.294209803319058,1.5680103024130045,0.9433532740013655,0.7708512999018932,0.6747804980147026,-1.6653072254017893,0.6710404117316785,56.37547724358975,4.3464778153247945,0.6788461538461539,1.2446061787689653,0.33358654209615385,0.47677648623085445,0.36669886469188895,1.9394838038340707,-0.04149822862628781,1.5512582974441254,5,0.7042709324115103,PIME_F83
PARA,PIME_F83,PA_F83_3,-54.99036,-3.0273,1.7890806080271728,1.7850296997772013,1.4758218519137893,-1.41547560232315,-1.3052823284880621,0.6557771389281566,0.9536632363380043,0.5154115914548907,0.6368007627561305,0.6460149914136102,-1.7411712212256487,1.4154612948943006,56.1014875,5.0070004710200005,0.8772058823529412,1.10836358554841,0.3893423708592647,0.43006733371019473,-0.01617622966423237,1.7301550115478668,0.1600574833532228,1.4133109468733756,8,0.653740297084675,PIME_F83
PARA,PIME_F83,PA_F83_4,-54.99947,-3.02906,1.4318843573588784,1.430118917276874,1.3336135187499056,-1.399908727806221,-1.3052823284880621,1.5845479416412689,1.8185704620014476,1.1161572464237093,1.1220512756872738,0.7026179213986808,-1.6653072254017893,1.2839187732389366,56.69547113821139,5.736699254925548,1.2024390243902439,0.9358262631623454,0.47527962799402435,0.38782929684806466,-0.6588080493389893,1.4349727818742162,0.4359464864035211,1.4481533555106656,8,0.7539797670492888,PIME_F83
PARA,PIME_F83,PA_F83_5,-55.0073,-3.03389,1.9183903882810074,1.913512110241952,1.3336135187499056,-1.399908727806221,-1.3502080597502557,0.7535338773666892,0.8782829620062123,1.0210144496992746,0.6368007627561305,0.6747804980147026,-1.8549672149614378,1.4590446064261788,56.688906788247216,5.082040148692344,1.1094224924012157,0.9269075202092213,0.4727682163306991,0.3585815590785274,-0.5724594913896054,1.5106356219688941,0.5662367525076327,1.1591901502367388,8,0.7042709324115103,PIME_F83
PARA,PIME_FAm,PA_fam_1,-57.58399,-5.60746,-0.3050818688971803,-0.29573358364888025,-0.27323084942961073,-0.6719586426186611,-1.3938562529108292,-0.2771488228659907,-0.09660807435393211,-0.5287641010142742,0.3346242339605516,0.48576239859103015,-0.2997553005723224,0.11017429686058351,52.36828639268347,14.622180713915151,1.016638655462185,0.5593169965873642,0.3540731776829758,0.1784284542212501,-0.6435146570530453,0.9881988486929346,0.45229025374546816,0.6134611709675577,17,0.38714323909407616,PIME_FAm
PARA,PIME_FAm,PA_fam_2,-57.5785,-5.60292,0.8697603478477302,0.871591576341569,-0.27323084942961073,-0.6719586426186611,-1.4037894705099496,-0.5659308622325807,-0.6111318959296795,-0.7856192830655175,0.3346242339605516,0.7162069469355278,-0.9066672671631966,1.0328358193267946,53.42799585212585,9.368691798282212,1.4145124716553288,0.8933702475449018,0.5197536697230074,0.29581916966782856,-1.1246577966295892,0.8046239642812048,0.9179427378172914,0.674486742410974,13,0.7785382655253722,PIME_FAm
PARA,PIME_FAm,PA_fam_3,-57.5714,-5.59603,0.8565196094281264,0.8584355568576254,-0.27323084942961073,-0.6719586426186611,-1.3605561867274845,-0.03935457685768402,0.012406452457029395,0.33721421813788344,-0.028359851750450665,0.9194734442063315,-1.0773612577668805,1.0260726690695443,45.87590158730159,9.392045757860775,1.0544973544973544,0.6910255643519283,0.36126584039894183,0.33955671251833225,-0.5725188567627348,0.7799246933699807,0.5651499067951582,0.7379316529827142,5,1.1699332919566683,PIME_FAm
PARA,PIME_FAm,PA_fam_4,-57.56545,-5.58986,1.296804530546043,1.2959033790553594,-0.27323084942961073,-0.6719586426186611,-1.3206893422978734,1.9865601195288387,2.0842149240321852,1.9424394266572607,0.7708512999018932,-1.3263491944057926,0.6295786482699545,1.2291861490718805,38.523644557823125,13.38143258714126,1.103628117913832,0.7743081908708914,0.32502813709974177,0.20167177147692425,-0.028235815232518977,1.2896820425305249,0.49547749026222254,0.6181799297569396,11,-1.393903843305186,PIME_FAm
PARA,PIME_FAm,PA_fam_5,-57.55962,-5.58316,2.037617771389639,2.0319766343106718,-0.2495745795061223,-0.6475204115404908,-1.3337306207573856,0.35588682054056153,0.7458498034664236,0.17966496320176467,-0.24141222300743073,0.5854367694545666,-0.7928712734274075,1.4975832918356917,43.55337015455305,14.050750335599105,1.055764411027569,0.7852047908427642,0.32832173038466517,0.21646898718968058,-0.38737509559759764,1.344418551368866,0.5120135318655687,0.6646590723330582,12,0.5500412569515486,PIME_FAm
PARA,PIME_For,PA_For_1,-54.56561,-3.48596,0.036383412731310016,0.043546882125110715,1.5817779832705163,-1.4819993495986614,-1.584284619560745,-0.01877817690703462,0.10578980663955104,0.38475986510555865,-1.0915803915569517,-0.53569540240673,-0.034231315188815434,0.47723351321473634,44.379488131868136,10.486530345479808,0.9640659340659341,0.8960335858585675,0.45496654903470507,0.33314779403555106,-0.14120065776277743,1.383938981530216,0.7920659512339983,0.7813476230633586,8,-0.8367555267681751,PIME_For
PARA,PIME_For,PA_For_2,-54.57405,-3.48863,1.531979480824505,1.5295735966784283,1.5817779832705163,-1.4819993495986614,-1.573072496778033,-1.1348414861975606,-0.9444815040523856,-1.3575729749889986,-1.4952146031669449,0.0028781682892728496,-1.3049532452384578,1.3225931626703125,56.78179398708635,7.7110295346130835,1.2646489104116223,0.3486617461796395,0.491376235497132,0.11527183551885128,-1.261796814476723,0.3902415948290363,0.9423861140377492,0.28608080991178886,6,-0.2815541372754731,PIME_For
PARA,PIME_For,PA_For_3,-54.58357,-3.49144,1.7384256729723597,1.7346988729441335,1.5817779832705163,-1.4819993495986614,-1.5297770107659017,-1.3864069876915948,-0.9444815040523856,-1.1295097559830927,-2.7490169833264595,-0.6591750150743637,-0.6980412786475837,1.3978461870166108,57.59087226631393,7.475260565599619,1.373015873015873,0.44194262433942716,0.5262410321733215,0.1895818335721478,-1.356381278632473,0.45400755028336626,0.9881790237712047,0.4187109743131052,6,-0.941427109165375,PIME_For
PARA,PIME_For,PA_For_4,-54.59091,-3.4935,0.9314087400307464,0.9328455202691037,1.5817779832705163,-1.4819993495986614,-1.5193653144770356,-1.2942737840712206,-1.2090759734895817,-1.1295097559830927,-2.7490169833264595,-0.4800060620124843,-1.15322525359074,1.0637251168901194,57.85873907563025,8.992066525625479,1.2680672268907562,0.359334040404198,0.47933406953893004,0.05953802671367987,-1.2789986566480833,0.5703107238336134,0.9115036717940472,0.18177137733596924,6,-0.7870418401998122,PIME_For
PARA,PIME_For,PA_For_5,-54.59991,-3.49781,-0.050592446979113095,-0.04287247521895824,1.5817779832705163,-1.4819993495986614,-1.5193653144770356,-1.2109291634780124,-0.9444815040523856,-1.651597602217675,-1.0915803915569517,-0.3317190035838093,0.2312926701946932,0.39596134825553336,53.65222865546219,12.608064274992941,1.022857142857143,0.5739852673721073,0.4194053527780037,0.16198295143918687,-0.6802069538099076,1.4371655131622556,0.7152361629423023,0.6293093607929333,8,-0.6465705787065461,PIME_For
PARA,PIME_FTr,PA_FTr_1,-55.479944213805084,-4.612896529611795,0.6181255805430637,0.6215668574334146,0.09518195281428218,-0.5115879189899393,-0.6530133432168824,-0.22413521913267534,-0.09660807435393211,-0.07719021884947905,-0.028359851750450665,0.24337586282816887,-1.4756472358421417,0.895578328160221,44.652164098972925,11.027359273080444,0.7782913165266107,0.7589070657262337,0.3400010179382941,0.262642442571762,0.10965220037444182,1.2934825036058124,0.42763989757596865,0.7447058653321068,12,0.028141055396372575,PIME_FTr
PARA,PIME_FTr,PA_FTr_2,-55.49101428380759,-4.609516502470154,2.295994382568507,2.2887000603872565,0.09518195281428218,-0.5115879189899393,-0.6357142879596194,1.2135794838721314,1.4518036805316537,1.0210144496992746,1.1220512756872738,0.17041253671312712,-0.41355129430811144,1.5762420044828367,47.32270827067669,7.3337265071286355,1.0857142857142859,0.665547279517022,0.3735865327692398,0.33015744445294115,-0.6075316834585875,0.6039680350564941,0.45251874140337695,1.0934674666980575,5,-0.07041637492240409,PIME_FTr
PARA,PIME_FTr,PA_FTr_3,-55.500494344938105,-4.608426489774542,1.0307142781777727,1.0315156663986795,0.09518195281428218,-0.5115879189899393,-0.618705054080147,2.618973506700117,2.6392312361670474,2.223736030140885,1.1220512756872738,-2.8724320799085086,2.298586556394859,1.1115241315211697,40.816266666666664,9.098179608666346,0.9105263157894736,0.898726834841445,0.2054008269106419,0.24855557545562984,0.38609336279230266,1.3610766453886187,-0.336939027002538,0.9461433474739368,7,-1.9612269194937006,PIME_FTr
PARA,PIME_FTr,PA_FTr_4,-55.50949440228862,-4.606376471794712,-0.5774888038142524,-0.5663975624813864,0.09518195281428218,-0.5115879189899393,-0.618705054080147,1.9227028045591352,2.0318065523021804,1.8798455572233101,0.7708512999018932,-1.0781125664864903,1.3502866085966176,-0.33068965901831654,46.749991542380954,11.172237868333875,1.2798701298701298,0.6871383147703599,0.17810637413251926,0.1618788788172516,-0.3896052738340173,0.9874394666902994,-0.6663666827810885,1.2643034902233934,7,-1.2455896366759667,PIME_FTr
PARA,PIME_FTr,PA_FTr_5,-55.5186144605626,-4.604556455081943,0.8757126064033317,0.8775057502380206,-0.04702638034959845,-0.4589636616286884,-0.6040157583049544,-0.3049116832528814,0.012406452457029395,-0.6491439107729605,0.162221988602563,0.41228097862198004,-1.4756472358421417,1.0358610109490032,40.792001020408165,14.472164786011085,0.9183673469387755,1.0259888211985986,0.4382606228193652,0.3850723048292639,0.22493342108627576,1.7951799364787266,0.7852700722184921,0.7921117798366071,5,0.2729357095421185,PIME_FTr
PARA,PIME_Maf,PA_Maf_1,-54.83718,-3.14645,-0.056241018873714584,-0.048484905549264386,1.3270231506698202,-1.3326822402199248,-1.1195669769321412,0.09544351030115461,0.46473368558906386,0.05928515344307818,-0.48295108025762135,-0.028502936822378398,-1.2290892494145984,0.3904429329167281,55.055147295423026,7.509557133816833,0.86490984743411925,0.9373335732013891,0.3684157333671849,0.33719762482215127,-0.08508077858474362,1.603623260923656,0.22606447081923958,1.214150623303152,9,-0.31887373109869105,PIME_Maf
PARA,PIME_Maf,PA_Maf_2,-54.84052,-3.13736,0.1630814877005434,0.16943429792100975,1.3270231506698202,-1.3326822402199248,-1.09992679380005,-0.15019344881999563,0.060767110824332504,0.05928515344307818,-0.48295108025762135,0.03315795188839704,-1.4187492389742469,0.5847408639674005,54.95751856357928,8.989757447580589,0.7160125588697017,0.9521168594231116,0.3235511052184162,0.3461519687288318,0.20595952854039998,1.6754696275124803,0.04472499814503294,1.2425106849811978,10,-0.24489522389970164,PIME_Maf
PARA,PIME_Maf,PA_Maf_3,-54.84454,-3.1304,-0.6847509324794806,-0.6729733900439739,1.3270231506698202,-1.3326822402199248,-1.09992679380005,-0.7802798258540586,-0.3915601223077018,-0.7856192830655175,-1.4952146031669449,-0.4800060620124843,-1.2480552483705638,-0.5787136294523458,54.52272697510822,12.674835445452839,1.4435064935064934,0.6715591322230586,0.5344432215206256,0.22819830940249872,-1.1584198060788615,1.0553673877267882,0.996900782825794,0.5591036156139036,9,-0.7870418401998122,PIME_Maf
PARA,PIME_Maf,PA_Maf_4,-54.84792,-3.12113,0.008747926580302604,0.01608821760587086,1.3815673018664447,-1.342891937531686,-1.099558365208946,-1.1348414861975606,-0.6111318959296795,-1.3575729749889986,-2.0155896076182125,-0.4276939677608789,-1.0583952588109153,0.45213255142136793,51.883205970149255,18.160648647902505,1.0492537313432835,0.6816626770791313,0.4211070843073023,0.16114788479665326,-0.5710632276452068,1.7674671899317012,0.7882787270511687,0.30870942374540356,5,-0.7388589106073467,PIME_Maf
PARA,PIME_Maf,PA_Maf_5,-54.84871,-3.11171,3.574879649372045,3.559402566139151,1.3815673018664447,-1.342891937531686,-1.1003013742600234,0.5457003207400258,0.6203136282152985,0.9433532740013655,0.3346242339605516,0.44980364195868644,-0.8877012682072322,1.8931953302576008,54.649021118218926,6.585476218282154,0.7419294990723562,0.7433432776615237,0.3326449280209225,0.2503807006922877,-0.05340746522138598,1.4332622137626683,0.22355477988366754,1.007399727170201,7,0.33064716760280705,PIME_Maf
PARA,PIME_Maf,PA_Maf_Ig1,-54.83642,-3.15034,-0.8893142673291347,-0.8762278561995772,1.3270231506698202,-1.3326822402199248,-1.1206961866399412,-0.7802798258540586,-0.3915601223077018,-0.9431685380016365,-1.0915803915569517,-0.3317190035838093,-0.45148329222004113,-1.358953476990399,54.98298196555218,9.884389458934384,1.2072948328267477,0.5955816089410569,0.4636910755186175,0.21436053246628847,-0.9932918487597026,0.9032527959874019,0.7783575394797083,0.7615828044596432,11,-0.6465705787065461,PIME_Maf
PARA,PIME_Nar,PA_Nar_1,-55.71423,-7.15655,-0.1820280338599478,-0.17346709064672702,0.42024890686911515,-0.015623112442514386,0.31893682424718817,0.38199194270486053,0.41250019534371773,0.7017528094363468,0.6368007627561305,-0.16686025059965126,-0.3376872984842521,0.258752552964513,46.82307385487529,11.729789950547392,0.8398639455782313,0.7313150834001184,0.3131512573812221,0.23033716697701082,-0.05760260063843149,1.2670754242623095,0.2551689847518812,0.8133451896158234,15,-0.47555734009797157,PIME_Nar
PARA,PIME_Nar,PA_Nar_2,-55.717,-7.16673,1.154071799876005,1.1540839029669783,0.42024890686911576,-0.036949968294241485,0.30840072349898806,1.275895905666856,1.4349983675549225,1.3930042071553166,1.0123901571520841,-0.3783728133770824,-0.6411432817796896,1.1678299566553556,49.84283582326146,14.762963706604598,1.015633423180593,0.7349037859722262,0.27328317937652735,0.16366461902393076,-0.2944873544108707,1.3239173435813936,0.02599512338154311,0.9879241307681983,12,-0.6920734820514518,PIME_Nar
PARA,PIME_Nar,PA_Nar_3,-55.71884,-7.17463,-0.11880047103973107,-0.11064408017523564,0.42024890686911576,-0.036949968294241485,0.2951318258913531,1.622712106598391,1.8279601240855,1.2833942241090377,1.2254425284090646,-2.2743255754345024,1.2744226127727583,0.32715474705290704,44.6310968452381,14.843970489489895,1.040714285714286,0.8541632563157634,0.29976504045438784,0.21405118759517433,-0.027199503206474167,1.6067822598515322,0.2077799433666872,0.8217479195400397,12,-1.7991057913004815,PIME_Nar
PARA,PIME_Nar,PA_Nar_4,-55.72022,-7.18166,-0.5190594902378368,-0.5083421003549937,0.42024890686911576,-0.04650802409646103,0.22909219713265286,1.4956594788515192,1.7127008581742056,1.2031925372900405,1.2254425284090646,-1.1933348406587394,1.4640826023324058,-0.2180304722555907,40.970370977387056,13.7845546494555,1.2093406593406595,0.7098400111604515,0.26213310188460925,0.12890258327181903,-0.18045516501410944,1.3054860502447745,0.1329190524187528,0.9033959078925309,10,-1.3170880416002348,PIME_Nar
PARA,PIME_Nar,PA_Nar_5,-55.72226,-7.19143,2.6476635360065996,2.6381191099837356,0.42024890686911576,-0.04650802409646103,0.2167283077896242,2.1808680102139557,2.3061803555643663,1.651782338217404,1.323242263614682,-2.8724320799085086,2.848600526117839,1.6740785809875938,30.46653349172494,17.487890655456983,0.6136363636363636,0.6572307958794559,0.1881582489389476,0.10491830782414453,1.22862000977181,1.472710735152369,-0.04902620309274052,0.8486743479812332,17,-1.9612269194937006,PIME_Nar
PARA,PIME_PNA,PA_PNA_1,-56.44918,-4.67434,0.8898644048059355,0.8915670004204006,-0.16777734129553018,-0.4572584774818716,-0.698531704513377,0.16406353630189033,0.060767110824332504,0.5554970075055181,0.49201515270081714,0.5534744010754463,-1.7791032191375784,1.0430163255031333,54.186144023323614,15.44436886392242,1.1138483965014576,0.4269662879634102,0.4616747291041545,0.12376456014621394,-0.9477431716676062,1.312496919406019,0.8806510521003313,0.5805620968905482,8,0.49677685661269194,PIME_PNA
PARA,PIME_PNA,PA_PNA_2,-56.45555,-4.66785,-0.06893512130351792,-0.061097786614145916,-0.16777734129553018,-0.4572584774818716,-0.7650504955028077,-0.03935457685768402,0.060767110824332504,-0.006676254779691658,0.6368007627561305,0.5696035676516277,-1.703239223313719,0.37792689565490706,57.119254716981125,5.57005317287408,1.3886792452830188,0.572150093291336,0.5787791083449223,0.22250638301526782,-1.3701538154851387,0.7086771350589386,1.1307105397486659,0.4527337908345783,5,0.5235323619344358,PIME_PNA
PARA,PIME_PNA,PA_PNA_3,-56.46392,-4.66315,0.873161638450931,0.8749711042823984,-0.16777734129553018,-0.4572584774818716,-0.8157043002222428,0.18040899632697932,-0.09660807435393211,0.6671038269364497,0.7708512999018932,0.48576239859103015,-1.646341226445825,1.034565642278894,57.5575536,4.9710734579265745,1.2768,0.44950262163604743,0.523527725289732,0.18176196888958115,-1.323369671075858,0.354127181989763,1.021791141982728,0.36509173415830803,6,0.38714323909407616,PIME_PNA
PARA,PIME_PNA,PA_PNA_4,-56.46957,-4.65702,-0.9048022870401388,-0.8916167780729973,-0.01054546551802161,-0.4859834440523437,-0.8338646171210482,1.1247523584829282,1.1816553881582945,1.3577577109887278,1.7458175328603316,-0.3783728133770824,-0.0911293120567087,-1.4536327281537709,49.92460507246376,13.940021314045978,1.5043478260869565,1.0730180712154922,0.5976359434771633,0.35954145389522113,-0.8636711612734825,1.7460150619780286,1.059861350017083,1.0010162876432702,7,-0.6920734820514518,PIME_PNA
PARA,PIME_PNA,PA_PNA_5,-56.47719,-4.65018,0.09663484627372577,0.10341280564837611,-0.01054546551802161,-0.4859834440523437,-0.8886394904411633,0.513108101685016,0.38472705686298597,1.1161572464237093,0.49201515270081714,0.41228097862198004,-1.7222052222696844,0.5298296764847847,54.175539111111114,9.65971877500998,1.1039999999999999,0.5364548634603395,0.47456532443888666,0.1781344777213528,-0.9458896085877012,1.15008834175947,0.8879473814124826,0.5459099288780371,7,0.2729357095421185,PIME_PNA
PARA,PIME_Rab,PA_Rab_1,-57.31289,-5.56987,2.436236882618344,2.4280452392332443,-0.09423396315409753,-0.40008234997836434,-1.4490795291173346,0.09544351030115461,0.060767110824332504,0.4736895904304406,0.162221988602563,0.6888114622490095,-1.532545232710036,1.6164353481312184,55.39874017857143,10.537556399715543,1.2148809523809525,0.5646187048475182,0.45867686232806865,0.17968997422431002,-1.0677316911552261,0.7933435842697125,0.8277625698993845,0.4208927954163615,7,0.7292255740440899,PIME_Rab
PARA,PIME_Rab,PA_Rab_2,-57.32233,-5.56767,-0.8890105806681347,-0.8759261126334318,0.023881898930193612,-0.4625928096882794,-1.460284816490194,0.6835399993150473,0.9294912041913408,0.6312388453665596,0.8956493643108101,-0.028502936822378398,0.15542867437083382,-1.3571853772928528,49.778016666666666,9.972378840969144,0.9421052631578947,0.6054699058761515,0.3568136195657895,0.22316503749640346,-0.4178680307479992,1.3175947771485155,0.4535049556835482,0.6500844601897539,6,-0.31887373109869105,PIME_Rab
PARA,PIME_Rab,PA_Rab_3,-57.33058,-5.56612,0.9546104009311526,0.9558987287226194,0.023881898930193612,-0.4625928096882794,-1.4707525631398592,-0.3939162372011859,-0.30442150722551303,-0.32366919911047975,-0.028359851750450665,0.5534744010754463,-0.9256332661191617,1.0751031185430449,55.74362289915967,9.162509493823732,1.188655462184874,0.39485529526983637,0.46252420334502325,0.12207184394805407,-1.1477491242911806,0.4552827123060144,0.8671757258173274,0.39136755014417013,6,0.49677685661269194,PIME_Rab
PARA,PIME_Rab,PA_Rab_4,-57.34023,-5.56469,-0.6204908350118636,-0.6091244514475879,0.023881898930193612,-0.4625928096882794,-1.4784225765364827,-0.4587204463083827,-0.30442150722551303,-0.5287641010142742,-0.028359851750450665,0.37305216487686316,-0.6980412786475837,-0.42273695257760435,53.06777134528785,9.904776520168959,1.2782515991471215,0.7388172426975834,0.5172980245316323,0.3184273991465814,-1.05160376979653,0.961698471143547,0.9158582471768442,0.9195540478005433,8,0.2139268786157844,PIME_Rab
PARA,PIME_Rab,PA_Rab_5,-57.34744,-5.56215,0.7921380372961095,0.7944659208347813,0.023881898930193612,-0.4625928096882794,-1.4784225765364827,-0.3049116832528814,-0.22755980148315494,-0.42108069176705387,0.3346242339605516,0.4312462538743548,-1.2290892494145984,0.9925063232823563,56.66950687331536,7.793082832184156,1.2048517520215631,0.4636908711939393,0.5006069904613202,0.2219060124997002,-1.2348558058278976,0.5829123669388072,0.9738557699686322,0.5240242184106625,6,0.3019482770860896,PIME_Rab
PARA,PIME_Ret,PA_Ret_1,-55.78236,-2.39422,0.3029595637571804,0.3084173844876233,1.6267100459052917,-0.49600020297225444,-0.18871266058934336,-0.5659308622325807,-0.3915601223077018,-0.9431685380016365,-0.028359851750450665,0.5534744010754463,-0.8497692702953025,0.6911727470925874,50.529486111111105,10.899019136142478,2.3069444444444445,0.8225269800507411,0.9493039462502292,0.4298011103803515,-1.7246873558169127,0.37679698871699324,1.8166068274790634,0.879824849840307,4,0.49677685661269194,PIME_Ret
PARA,PIME_Ret,PA_Ret_2,-55.78915,-2.39064,0.67995618472268,0.6830018475006367,1.6267100459052917,-0.49600020297225444,-0.18871266058934336,-0.6048020016404765,-0.30442150722551303,-0.9431685380016365,-0.24141222300743073,0.7295852813987049,-0.9445992650751263,0.931125931150673,51.30244117647059,12.186661289284043,2.182352941176471,0.7892550842660864,0.8330776219989121,0.43783456722495884,-1.6179816612943017,0.44430675990657,1.5283779083301365,1.2004311117946525,5,0.802905638566236,PIME_Ret
PARA,PIME_Ret,PA_Ret_3,-55.7944,-2.38875,-0.4265565332972124,-0.41643101010707695,1.6267100459052917,-0.49600020297225444,-0.22952484220169442,1.8442028315405261,2.0563505488849505,1.2833942241090377,0.3346242339605516,-0.4800060620124843,0.30715666601855257,-0.06253229890217463,49.623807692307686,11.932741220443267,2.3807692307692307,0.7746321353100095,0.9691972026775578,0.41215536110745904,-1.7295926859750994,0.391048225490232,1.8674932579213424,0.8053095746633889,3,-0.7870418401998122,PIME_Ret
PARA,PIME_Ret,PA_Ret_4,-55.8069,-2.38462,2.667160219642805,2.657491046930276,1.6267100459052917,-0.49600020297225444,-0.2623566828100721,0.05900254378811382,0.3253615802615288,0.05928515344307818,0.162221988602563,0.7162069469355278,-1.2290892494145984,1.6792274726717802,49.190682051282046,12.263580168092158,2.4025641025641025,0.7466754796058729,0.9699476135752053,0.40760815996288197,-1.7209061251268387,0.43325869895492186,1.873823538849851,0.778035398352537,3,0.7785382655253722,PIME_Ret
PARA,PIME_Ret,PA_Ret_5,-55.81611,-2.38125,3.2574663512947613,3.2440201908038833,1.750461673427128,-0.3854654802986045,-0.29140170635960716,-0.12687322280099267,0.14790572590652148,0.05928515344307818,-0.48295108025762135,0.6009846727632788,-1.1721912525467044,1.8235571812453648,50.016116504854374,11.128671282684904,2.400970873786408,0.7959969290839705,0.9956351454523302,0.5357837379471779,-1.7649857237273707,0.31159004811035573,1.8451766938113001,1.8834505042885255,3,0.5763102376614857,PIME_Ret
PARA,PIME_RRA,PA_RRA_1,-55.459754099194285,-4.638756694251484,0.4881476896350293,0.4924206111231441,0.17640861187356208,-0.5524445722913528,-0.6668714531538893,-0.03935457685768402,-0.09660807435393211,0.33721421813788344,0.162221988602563,0.46797031901622566,-1.2480552483705638,0.8163681404797648,54.134360522273425,15.792990822175403,0.6668202764976958,0.6561663273902935,0.2437984423832949,0.17377749495831446,0.09207141579420641,1.2573983078095494,-0.09191985538136174,0.8603954319113147,12,0.3590423405100775,PIME_RRA
PARA,PIME_RRA,PA_RRA_2,-55.451844050145326,-4.642666722414844,-0.7892191438635082,-0.7767731767980232,0.17640861187356208,-0.5524445722913528,-0.6626533217332887,-0.10415878596488083,0.10578980663955104,-0.15293205671052057,0.162221988602563,0.1181004424615218,-1.096327256722845,-0.9011925288356638,48.893114557823125,11.761597709150903,1.1420408163265305,0.8020981024930299,0.41476671191990505,0.28156181691522675,-0.5668313367138516,0.8845807197108286,0.5939140328459013,0.8692677181446152,18,-0.1385573274269367,PIME_RRA
PARA,PIME_RRA,PA_RRA_3,-55.44351399885299,-4.647336755309447,0.3403130230601902,0.3455318431235187,0.17640861187356208,-0.5524445722913528,-0.6818116084707062,-0.3335849618901829,-0.30442150722551303,-0.23473947378559779,0.162221988602563,0.17041253671312712,-1.0583952588109153,0.7177442087471135,61.055886383928566,16.55354671263362,0.6494419642857143,0.6231037265204161,0.2588437947191969,0.2119822324236725,-0.12989648802818288,1.4511629462937043,-0.0961980282509256,0.7929637604093194,12,-0.07041637492240409,PIME_RRA
PARA,PIME_RRA,PA_RRA_4,-55.4357939514116,-4.651816786690806,-0.5775495411464522,-0.5664579111946153,0.17640861187356208,-0.5524445722913528,-0.6982993005783558,0.2869963579672262,0.2247674316488797,0.5154115914548907,1.2254425284090646,0.17041253671312712,-0.8687352692512669,-0.3308137648001074,65.38545896624473,19.859943158490097,0.7487341772151899,0.5452619757734162,0.22924643345958848,0.12680201014359588,-0.524504300731887,1.2932460330974844,-0.22259397387432023,0.7648374254810565,12,-0.07041637492240409,PIME_RRA
PARA,PIME_RRA,PA_RRA_5,-55.42838390568186,-4.655836815181167,0.4013540419212063,0.4061822999187624,0.17640861187356208,-0.5524445722913528,-0.7154657488844617,-0.15019344881999563,0.012406452457029395,-0.6491439107729605,1.0123901571520841,0.35274804484397687,-1.1152932556788102,0.7596742634003062,73.6306455438668,20.686274047661378,0.7271814671814671,0.6919601689289137,0.22981205237948826,0.14433933166282886,-0.7953691302724678,1.6061769719050265,-0.2406854029918721,0.6269893815980488,10,0.18390773102272442,PIME_RRA
PARA,PIME_Ser,PA_Ser_1,-55.42365,-7.13368,-0.018523135577504485,-0.011008354633994182,0.42024890686911515,-0.22795972796030203,-0.3965617527919151,0.4906849076994002,0.7776888133935632,0.5154115914548907,0.162221988602563,-0.9764793178510885,0.47785065662223575,0.4267166381837699,43.94267747252747,7.071873780666282,0.9608516483516484,0.7306555643563208,0.339240414829192,0.2698047756542038,-0.2120981221837531,1.0421421700685736,0.4115308374311526,0.7595628931834764,10,-1.1784368666311082,PIME_Ser
PARA,PIME_Ser,PA_Ser_2,-55.42102,-7.14201,0.2648165191355703,0.2705183925797495,0.42024890686911515,-0.22795972796030203,-0.4137610110653163,0.04019629960495533,0.187467550891154,0.23492420978532688,0.162221988602563,0.21973369109692367,-1.0204632608989856,0.6632759807144065,52.71722369225303,19.259841016268915,0.7360127931769724,0.3944442609190848,0.29639519151994864,0.11174032627828835,-0.352194930257616,1.3481347421069134,0.34976974935811334,0.4667593781825276,13,-0.0042517873372199,PIME_Ser
PARA,PIME_Ser,PA_Ser_4,-55.41587,-7.15964,-0.24367642604296413,-0.23472103457426188,0.42024890686911515,-0.22795972796030203,-0.4978447547553113,-0.4587204463083827,-0.22755980148315494,-0.5287641010142742,-0.24141222300743073,-0.13013618545778038,-0.6032112838677599,0.18712688167351876,54.01680203101414,18.180742763655033,0.7547138740222313,0.28607689796826147,0.28825087931706106,0.05262048016138184,-0.4656790596894437,1.1961004240098583,0.30631777277545597,0.37876789865116894,9,-0.43518574068537536,PIME_Ser
PARA,PIME_Ser,PA_Ser_5,-55.4135,-7.1666,-0.045369036409911696,-0.037682485881255764,0.4321299800554035,-0.2912155148035423,-0.5180522769052435,-0.03935457685768402,0.14790572590652148,-0.7856192830655175,1.323242263614682,0.0028781682892728496,0.06059867959101004,0.4010369232223212,57.82606586094514,16.874623639549593,0.8075502444323739,0.3875828624921541,0.2860674618727964,0.12905896061701005,-0.7112389268328206,0.9878105451993574,0.22652128882651051,0.4408628277164021,9,-0.2815541372754731,PIME_Ser
PARA,PIME_SFA,PA_SFA_1,-55.91548,-2.56154,2.5025013120485613,2.49388568536619,1.8423322385078955,-0.09839553099373102,0.21622522162440652,-0.3335849618901829,-0.22755980148315494,-0.15293205671052057,-0.24141222300743073,0.7162069469355278,-1.2101232504586341,1.6348686577226237,37.82123168492568,15.65737241599787,0.5807165823169863,1.0181511188788046,0.269195114351824,0.3706912704898232,0.4630122628129121,1.561267037750497,0.33854673227759247,0.8176765640103439,4,0.7785382655253722,PIME_SFA
PARA,PIME_SFA,PA_SFA_2,-55.90553,-2.55899,-0.9292794319167451,-0.9159373095043238,1.8389515453010485,-0.29036113773876915,0.1352133111225789,-1.0648476081459188,-0.6111318959296795,-1.651597602217675,-1.0915803915569517,-0.4800060620124843,1.1985586169488989,-1.6248239602213506,50.61582371295608,15.013675538473473,1.4781974923360173,1.053068859887675,0.6241105951207713,0.4052325790681289,-1.008200308967044,1.7426370727046994,1.157898092981644,0.9277789368120133,5,-0.7870418401998122,PIME_SFA
PARA,PIME_SFA,PA_SFA_3,-55.89842,-2.55624,1.4127520977158736,1.4111090726097082,1.8389515453010485,-0.29036113773876915,0.08810913474007198,-0.7330003846385286,-0.6111318959296795,-0.6491439107729605,-1.0915803915569517,0.6888114622490095,-1.096327256722845,1.276349769316969,54.287231165600566,8.467330544623172,1.3042643923240937,1.204930987940485,0.5300893883273915,0.46283984699596026,-0.5210529932609218,1.6659590615373983,0.6411208519544106,1.389476694440379,6,0.7292255740440899,PIME_SFA
PARA,PIME_SFA,PA_SFA_4,-55.88872,-2.55331,-0.019373458228304885,-0.011853236619201733,1.8389515453010485,-0.29036113773876915,0.04463182682583519,-0.5659308622325807,-0.22755980148315494,-0.6491439107729605,-0.48295108025762135,0.4312462538743548,-1.0204632608989856,0.42591347736281204,39.78490617612469,16.398662583966033,0.6557062247122399,0.8431213412657964,0.28551518809516135,0.27188450069686587,0.2927564298783434,1.4531762714004215,0.3805347937016428,0.616321644241415,5,0.3019482770860896,PIME_SFA
PARA,PIME_SFA,PA_SFA_5,-55.88118,-2.55054,1.7647856751471664,1.760890214485562,1.8389515453010485,-0.29036113773876915,0.04463182682583519,-0.12687322280099267,0.3253615802615288,-0.42108069176705387,-0.48295108025762135,-0.3783728133770824,-0.2618233026603927,1.407052259002338,44.73897582845291,10.243646652093135,0.4764222465255279,0.3439293586170054,0.2037812416851924,0.07332381258253519,0.5607177982852661,0.7145103974298461,-0.09168628832137773,0.5987817272216904,6,-0.6920734820514518,PIME_SFA
PARA,PIME_TGa,PA_TGA_1,-56.09735,-6.59921,-0.22988905163356047,-0.22102187667125653,0.42024890686911637,-0.5415961792846247,-0.7493557109381643,-0.3632303992163067,0.012406452457029395,-0.6491439107729605,-0.24141222300743073,0.1181004424615218,-0.22389130474846303,0.20360567120568537,53.350768452380954,20.90739709417645,0.9515873015873016,0.7209280497953815,0.31624224357329084,0.20278102733427303,-0.47473317937081555,1.0420925245931487,0.24812498540494876,0.8209287478982616,13,-0.1385573274269367,PIME_TGa
PARA,PIME_TGa,PA_TGA_2,-56.09229,-6.60363,-0.6138704658020618,-0.6025464417056162,0.42024890686911637,-0.5415961792846247,-0.7464164847011541,1.172899746817388,1.4946105159627938,0.7017528094363468,0.3346242339605516,-0.2874587744874279,-0.1859593068365342,-0.40799115415724974,43.45266746954596,5.491749497276036,1.2818936877076412,0.8296143256421867,0.34447710842505513,0.22385333130102503,-0.417376763186738,1.1983945887723209,0.4645375827271331,0.7549295614967111,10,-0.6022501756135865,PIME_TGa
PARA,PIME_TGa,PA_TGA_3,-56.09168,-6.60434,-0.1250564162563327,-0.11685999763783275,0.42024890686911637,-0.5415961792846247,-0.7464164847011541,-0.12687322280099267,0.2247674316488797,-0.32366919911047975,-0.24141222300743073,0.37305216487686316,-0.9066672671631966,0.32059546643554293,56.79646688086999,14.329836196923264,0.8491843796342067,0.40994125781347823,0.3079028518996218,0.1627415408160179,-0.7122500388297719,0.9127581567599774,0.28900684160781037,0.5582587089173342,16,0.2139268786157844,PIME_TGa
PARA,PIME_TGa,PA_TGA_4,-56.08435,-6.61258,-0.007104517123901538,3.37203453076237e-4,0.42024890686911637,-0.5415961792846247,-0.7288317093120152,-0.5659308622325807,-0.09660807435393211,-0.7856192830655175,-0.7617872274586978,0.24337586282816887,-1.1152932556788102,0.4374387254939088,59.1738279047619,9.150058442463644,1.0147857142857142,0.6974977525880678,0.3810110347981423,0.3096270780281576,-0.9936200520748606,0.5933731352845277,0.4734181711496828,0.7940277898079835,8,0.028141055396372575,PIME_TGa
PARA,PIME_TGa,PA_TGA_5,-56.07749,-6.61988,-0.6226166416388642,-0.6112366564106063,0.42024890686911637,-0.5415961792846247,-0.7094129934591787,0.5562999250710201,0.5581170397715853,0.9699014444928804,0.7708512999018932,0.1954254558143293,0.9709666294773208,-0.4275192389046085,36.559200000000004,0,0.2,0,0.1443169125,0,1.5172837859353812,0,-0.33710975843635194,0,1,-0.03709774284906571,PIME_TGa
PARA,PIME_Toc,PA_Toc_1,-56.11389888770905,-5.391290546086386,0.45134086632181947,0.45584929090631043,-0.11682847360315995,-0.16856119681632206,-0.8107903240785547,0.3425360779989951,0.2935225703343893,0.7677142176591168,0.49201515270081714,0.17041253671312712,-0.9256332661191617,0.7927246524579216,51.808143727106234,9.703709510944952,1.1043956043956045,0.44594163920655727,0.2831994224447661,0.05742738476459865,-0.7744768172819078,0.43989460566049093,0.24874816369426717,0.28721280403898336,8,-0.07041637492240409,PIME_Toc
PARA,PIME_Toc,PA_Toc_2,-56.12041893008739,-5.391770543671179,-0.6702954474158768,-0.6586103962954486,-0.19818970156529359,-0.20833568089739388,-0.8218465995166059,0.7784016190351034,1.1202948924056353,0.4736895904304406,0.49201515270081714,-0.8855652789614339,0.4209526597543408,-0.5414018724461821,40.70951214746907,10.461723075143029,0.45224971878515186,0.7181890150064906,0.2119761424855896,0.23955716078544492,0.8672080895380544,1.4988158427473213,-0.08812642375023351,0.7142661784109834,11,-1.1149221975402965,PIME_Toc
PARA,PIME_Toc,PA_Toc_3,-56.13014899296874,-5.392040537538942,-0.15773310097994137,-0.14932760535508768,-0.19818970156529359,-0.20833568089739388,-0.8338167692520736,0.5019683758726551,0.8227115092087817,0.4301916600316666,0.162221988602563,-1.1933348406587394,1.1985586169488989,0.2856029187196186,43.65880479113853,10.689405741539392,0.5735064935064935,0.5827662193601015,0.2264111034769695,0.14288620497695784,0.4821166585694842,1.3730344407267567,-0.024089189962381765,0.6590789515976998,11,-1.3170880416002348,PIME_Toc
PARA,PIME_Toc,PA_Toc_4,-56.13997905572771,-5.391350525895626,-0.2593466577505682,-0.2502910025873692,-0.19818970156529359,-0.20833568089739388,-0.8338167692520736,0.5457003207400258,0.5581170397715853,0.9160970694685335,0.7708512999018932,-0.09491148696237145,-0.9066672671631966,0.16805534692517513,59.08129676870748,12.399923125620106,0.8001700680272109,0.35342495907309246,0.2820679939343525,0.08768169838607441,-0.756425216893943,0.8678936335429759,0.19875954543573737,0.33522878748758866,8,-0.39564681376851596,PIME_Toc
PARA,PIME_Toc,PA_Toc_5,-56.15284913828416,-5.390970513612685,1.4054636178518718,1.4038672270222163,-0.19818970156529359,-0.20833568089739388,-0.8629410835559069,0.2725421999473532,0.2247674316488797,0.6671038269364497,0.6368007627561305,0.1181004424615218,-0.8308032713393372,1.273450909897855,55.91376315789474,16.54853053791341,1.0842105263157895,0.8231562469522732,0.40959547644210526,0.28732132591267795,-0.779773043667635,1.830408302268545,0.5877969508576436,0.8181972664864151,5,-0.1385573274269367,PIME_Toc
DUC,DUC,duL1_00,-59.9692,-2.92761,-0.48917672279542895,-0.47865053344627734,-1.207276868343168,0.33995838933581257,0.419715372963395,-0.9397121237277187,-0.7567487403575472,-1.1295097559830927,-1.0915803915569517,0.027186403571867176,-1.0204632608989856,-0.16505401211073997,45.648156261022926,9.751048767043702,1.0015873015873016,0.46710773425915747,0.3375524660931178,0.16879200477867493,-0.47951962098974277,0.8902237174529567,0.5276982795613626,0.4026699694856794,7,-0.25217582155130464,DUC
DUC,DUC,duL1_10,-59.96035,-2.92632,0.8652657852649289,0.8671257715626157,-1.0814872792325572,0.42866731849474565,0.419715372963395,-0.22413521913267534,-0.1588046627976451,-0.07719021884947905,0.162221988602563,0.6009846727632788,-1.3808172410623172,1.0305452939153215,48.95544130744217,10.404775398332513,1.1170884353741497,0.5329746316383184,0.36659218439902186,0.20133120872294338,-0.7358127468947195,0.7413400093749432,0.5488065875674965,0.6531803606711071,8,0.5763102376614857,DUC
DUC,DUC,duL1_20,-59.95137,-2.92499,0.5101346038914351,0.5142668453120776,-1.0814872792325572,0.42866731849474565,0.43094458427074167,-0.22413521913267534,-0.22755980148315494,0.12124637222373225,-0.028359851750450665,0.47513123387244227,-0.982531262987056,0.8302246757661889,47.69591748633879,14.628212631301837,0.9614754098360656,0.5610388247286988,0.34284758103258134,0.17848124418116004,-0.442671296907868,1.021170290925427,0.5008544591118853,0.45262146350870797,10,0.3703175005213436,DUC
DUC,DUC,duL1_40,-59.9337,-2.92226,0.676615631451679,0.6796826682730361,-1.0814872792325572,0.42866731849474565,0.4506934504195027,-0.42571816551055663,-0.3915601223077018,-0.23473947378559779,-0.24141222300743073,0.3928894819295103,-0.7549392755154778,0.9292379434394996,45.677155576914615,8.885145150859003,0.9045495905368517,0.8078348005986781,0.30806874242784693,0.15876920395776367,-0.2423034919659287,1.005024110811855,0.38402100288033025,0.4409745242864629,10,0.24359894904269078,DUC
DUC,DUC,duL1_55,-59.9204,-2.92024,0.057641479001315506,0.064668931755295,-1.0814872792325572,0.42866731849474565,0.45809209804494055,-0.8302623809702114,-0.7567487403575472,-0.9431685380016365,-0.7617872274586978,0.17041253671312712,-0.5273472880439005,0.4961142030763648,47.96808776683087,8.200759034642552,1.1160098522167488,0.3663212249279303,0.3391285431729064,0.14577108144821346,-0.7070990966146763,0.5706922002831769,0.49199286419546495,0.47150593631105714,6,-0.07041637492240409,DUC
DUC,DUC,duL1_65,-59.91156,-2.91884,0.2396105262725637,0.24547367658967376,-0.9556976901219638,0.5112500183584471,0.5382782910364645,-1.0648476081459188,-0.9444815040523856,-1.3575729749889986,-0.48295108025762135,-0.39776431006955226,1.0088986273892513,0.6443959287300509,47.71153182020471,15.093462540936164,1.0699599465954606,0.6524782326475022,0.35131150843296277,0.16869290688909303,-0.5531682573072382,0.950011822101451,0.5276233189803768,0.45278760200175344,9,-0.7106276785212617,DUC
DUC,DUC,duL2_00,-59.96781,-2.93659,-0.3332032537057877,-0.32367503787395274,-1.0000551443683041,0.23064004163965265,0.3507638596070999,-0.01877817690703462,-0.03982703778831659,0.38475986510555865,-0.028359851750450665,-0.8517223025994201,-0.05319731414477986,0.07281152293823859,48.03300751581217,8.638792078623748,1.0533598805375808,1.5094012149956262,0.299307906954869,0.26006996338425004,-0.43474993309277854,1.1535873383871906,0.2431802882849419,0.7589409999076578,9,-1.0904109121285035,DUC
DUC,DUC,duL2_10,-59.95889,-2.93527,1.0401285646687752,1.0408697169491898,-0.9027072218904708,0.3203795310011242,0.3607257859276052,-0.4587204463083827,-0.4921542709203511,-0.42108069176705387,0.162221988602563,0.3968028006001974,-0.5463132869998649,1.1159369860443271,46.28923874585714,9.731333160745594,1.057904761904762,0.923369061479232,0.33597289914532635,0.17484077661207273,-0.45122253348555463,1.0262882212266635,0.4886564785834889,0.44200487604395544,10,0.24949276115650534,DUC
DUC,DUC,duL2_20,-59.94997,-2.93379,0.17759771009634728,0.1838576403827643,-0.9027072218904708,0.3203795310011242,0.3704607766409736,-0.8832759847035268,-0.7567487403575472,-0.9431685380016365,-0.7617872274586978,0.021173241342574374,-0.1859593068365342,0.5963386577629362,46.14177921673342,10.998425295021173,0.8464619492656875,0.45366403771681585,0.31115985310866645,0.14179163906430553,-0.25311792885787626,0.9970544478150922,0.4251192015844422,0.3664869912897209,10,-0.2594817432502133,DUC
DUC,DUC,duL2_30,-59.94121,-2.93246,-0.6231632776286643,-0.6117797948296683,-0.9027072218904708,0.3203795310011242,0.3704607766409736,-0.6881466222336847,-0.6111318959296795,-0.6491439107729605,-0.7617872274586978,-0.02213475081192922,-0.37561929639618175,-0.4287527466887642,46.529836074095606,10.78584646647083,1.0643410852713178,0.8879243431656049,0.3622822342298429,0.20060860324022012,-0.4641018432293728,1.1471349570461167,0.5710338919112696,0.5451378341109387,8,-0.31135522776878855,DUC
DUC,DUC,duL2_45,-59.92792,-2.9304,0.11728553922173122,0.12393136814626954,-0.9027072218904708,0.3203795310011242,0.38458136631635365,0.7535338773666892,0.9416891342181104,1.1161572464237093,-1.0915803915569517,0.10724639635517066,0.26922466810662204,0.5472267532807615,50.65515980965973,14.324848828086814,0.9523059617547807,0.5864952492161438,0.31820317208348037,0.16474045545149024,-0.579321583222569,0.7614703799765864,0.37078275306118236,0.45494753178322134,8,-0.15243874714383643,DUC
DUC,DUC,duL2_65,-59.91016,-2.92759,-0.2587392844285681,-0.24968751545507822,-0.9556976901219638,0.5112500183584471,0.46407854999464604,-0.42571816551055663,-0.1588046627976451,-0.42108069176705387,-0.48295108025762135,-0.4176016271221994,-0.6221772828237243,0.1688015012364751,44.12651602592739,13.826093185572075,0.8576164167324388,0.45974087651242157,0.2785393681571689,0.12666744839588062,-0.1634218166684512,0.8815040842970288,0.27270805624634553,0.5279047453852533,9,-0.7293939436096517,DUC
DUC,DUC,duL2_75,-59.90132,-2.92619,-0.07689171182172003,-0.06900346804715782,-0.9556976901219638,0.5112500183584471,0.46893305807260843,-1.4894031465410629,-1.2090759734895817,-1.651597602217675,-2.0155896076182125,-0.8517223025994201,-0.37561929639618175,0.3699997244195087,42.32507341269841,14.279626063865312,1.0280952380952382,0.5134676662974466,0.3091571919841049,0.1379461557281975,-0.25082592160914796,1.0552340961777602,0.4422606683999068,0.41448699936284744,7,-1.0904109121285035,DUC
DUC,DUC,duL3_05,-59.96203,-2.94477,0.03292138479590897,0.040107005471051976,-0.9027072218904708,0.3203795310011242,0.2771984445996846,-0.8832759847035268,-0.7567487403575472,-0.9431685380016365,-0.7617872274586978,0.05082857530311236,-0.41355129430811144,0.4741239584624937,46.804056889564336,11.287586480098048,0.9559270516717325,0.37269556031937856,0.3343254638121536,0.13398936183620783,-0.48773121390772667,0.9289121508687934,0.5206188360985299,0.32682018409474756,5,-0.22320278221659545,DUC
DUC,DUC,duL3_15,-59.95311,-2.94345,-0.22381531841355887,-0.21498700534834672,-0.9027072218904708,0.3203795310011242,0.28566615032621395,-2.701657470216135,-1.8941586661316727,-3.482860167637114,-2.7490169833264595,-1.2706598540115468,1.3313206096406534,0.21077814453101476,49.84702688172043,7.143903447013599,1.2532258064516129,0.5951697565270541,0.3433342898462261,0.15369965530708907,-0.8508286505036454,0.5578257500935446,0.45420868064549175,0.5179518851813082,7,-1.3624621472172367,DUC
DUC,DUC,duL3_35,-59.93543,-2.94064,-0.8167938926823154,-0.8041714926040338,-0.9027072218904708,0.3203795310011242,0.30028025659301677,-0.19878687473134424,-0.03982703778831659,-0.07719021884947905,-0.028359851750450665,-1.0999589305187223,1.6347765929360907,-1.0075277600254848,47.70433351672301,9.407724896810693,0.8451690294438385,0.9141678351318269,0.3114051876366614,0.15832093398131966,-0.2946186078544838,0.8272546088904283,0.3968085865277789,0.4263049989686215,9,-1.2595151257202148,DUC
DUC,DUC,duL3_45,-59.92651,-2.93924,0.9662112313813558,0.9674253329493773,-0.9027072218904708,0.3203795310011242,0.38458136631635365,-2.0955303083785988,-1.661403206621616,-3.482860167637114,-2.7490169833264595,-2.365239614324157,1.1985586169488989,1.0807430175106205,49.20777728805701,10.092258784040771,1.0931847968545216,0.6074983395265904,0.36869967930200426,0.18477849613885317,-0.7218438378993272,0.7492217947542429,0.5512846513379941,0.7471166839557973,10,-1.8275104148315735,DUC
DUC,DUC,duL3_55,-59.91768,-2.93783,0.16168452905994304,0.16804627751674053,-0.9027072218904708,0.3203795310011242,0.3897653411492559,-0.5659308622325807,-0.4921542709203511,-0.42108069176705387,-0.7617872274586978,-0.21309730825348866,1.5020146002443364,0.5836174925987367,52.06449577314072,10.791232235815656,0.973354735152488,0.3387256566881047,0.3271013818510683,0.10012522785466005,-0.7268205749688544,0.4801951241459619,0.4380094288163948,0.3389434443816802,8,-0.5251801672654468,DUC
DUC,DUC,duL3_65,-59.90876,-2.93643,-0.6868767391064812,-0.6750855950069924,-0.8053592994126505,0.40369532446452444,0.39391170076639465,-1.000043399038722,-0.7567487403575472,-0.9431685380016365,-1.4952146031669449,-0.6999488342240592,0.6485446472259189,-0.5843223240213975,42.932449829214384,10.395796388267748,0.8273056057866184,0.47515091737003595,0.26203123373927734,0.11180863658634939,-0.09708108128742104,0.8164777948279724,0.24048155156542292,0.37432592774793283,9,-0.974377835736993,DUC
DUC,DUC,duL4_15,-59.95179,-2.95229,-0.8625898411611276,-0.849674422378774,-0.9027072218904708,0.3203795310011242,0.20655585084563083,-1.6061705608762578,-1.2090759734895817,-2.7744311034210756,-2.0155896076182125,-1.4836717834354398,0.7054426440938139,-1.2144105096881528,46.48939724800724,9.44372369876603,1.0454106280193236,0.8746578820111471,0.35136781136194795,0.2580267713604083,-0.42880021099129706,1.042703134282378,0.4423398437410559,0.7022868236772739,9,-1.4774360607692916,DUC
DUC,DUC,duL4_25,-59.94287,-2.95088,1.3162404768500482,1.3152149672886708,-0.9027072218904708,0.3203795310011242,0.21303855355070023,-0.2502403412969745,-0.1588046627976451,-0.23473947378559779,0.3346242339605516,0.36092711355039,-0.4894152901319708,1.2372519065631722,50.26447109834914,8.431933391432517,1.0814732142857142,0.6955802027384494,0.34533118812744734,0.1544825706438046,-0.7031886312194187,0.6655167898675965,0.47291578964803654,0.4608937621695442,10,0.19595782106731224,DUC
DUC,DUC,duL4_35,-59.93403,-2.94948,0.90759970580834,0.9091888246832972,-0.9027072218904708,0.3203795310011242,0.30028025659301677,-0.3335849618901829,-0.22755980148315494,-0.23473947378559779,-0.028359851750450665,0.5791383087310471,-1.4946132347981063,1.0519104453031514,50.192055714285715,18.14020325501194,1.1614285714285715,0.7038484006104926,0.358100908094036,0.14213114799821397,-0.776617496028451,0.846606583096295,0.5539865526496516,0.38980887490919963,8,0.53946685676545,DUC
DUC,DUC,duL4_45,-59.92511,-2.94807,1.145750785364603,1.1458161292545916,-0.9027072218904708,0.3203795310011242,0.3056214458525503,-0.08201946039614871,-0.1588046627976451,0.28734837244898453,0.162221988602563,0.613224385612468,-1.2859872462824935,1.1641318465127277,46.1703369755734,19.06477138230616,1.0954128440366973,1.0239199871540074,0.33088520534970145,0.15175301405069117,-0.5167356788180684,1.0716832442364577,0.4940508697249336,0.5158348494274099,11,0.597156993151761,DUC
DUC,DUC,duL4_55,-59.91627,-2.94667,0.48851211362822944,0.49278270340251873,-0.9027072218904708,0.3203795310011242,0.3098443620600484,-0.10415878596488083,-0.09660807435393211,0.12124637222373225,0.162221988602563,0.6518453195945596,-1.1152932556788102,0.8165994090256555,43.46521338259442,15.329809763025382,0.8908866995073892,0.4362659527805809,0.34063240688761487,0.10483338388801543,-0.2436819514576638,0.8087034010909272,0.5945061680028724,0.39380395939926083,10,0.6639141408606739,DUC
DUC,DUC,duL4_65,-59.90743,-2.94535,0.35045615753759296,0.3556100782327782,-0.8053592994126505,0.40369532446452444,0.31313629544549876,-1.3864069876915948,-1.2090759734895817,-1.651597602217675,-1.4952146031669449,-0.27887278038421226,-0.5463132869998649,0.7248370189655596,50.01832515991471,7.355014024810578,1.2409381663113006,0.54704141138359,0.284685954593916,0.10502485451032884,-0.8269128365518422,0.5118526175948078,0.23151381058568982,0.46274838344690233,6,-0.5935200876899113,DUC
DUC,DUC,duL4_75,-59.89851,-2.94394,1.3437544883366552,1.3425529343814522,-0.8053592994126505,0.40369532446452444,0.3148424137449345,-0.12687322280099267,0.060767110824332504,-0.07719021884947905,0.162221988602563,0.5502120709591578,-0.9256332661191617,1.2485577964029073,42.998829306087664,14.663144675009235,0.8275724275724275,0.46762242683088057,0.3447116461423306,0.11373934561583776,-0.18555264638158722,0.7260284548972468,0.61971777268747,0.4834443727723657,12,0.4913955509551093,DUC
DUC,DUC,duL5_25,-59.94154,-2.9598,-0.11278747515192947,-0.10466955756555489,-0.9027072218904708,0.3203795310011242,0.21303855355070023,-0.4930172597638428,-0.4921542709203511,-0.42108069176705387,-0.028359851750450665,0.24337586282816887,-0.16699330788056807,0.33341823486809574,47.6815236060236,17.524938230142524,1.0351648351648353,0.53371093780238,0.3377699782878401,0.18570712765707897,-0.6026360609995658,0.8307779954525438,0.4914082482491319,0.597936606961866,8,0.028141055396372575,DUC
DUC,DUC,duL5_35,-59.93262,-2.9584,1.648412946651936,1.6452620799386097,-0.9027072218904708,0.3203795310011242,0.2180147319240554,-0.01877817690703462,-0.03982703778831659,0.23492420978532688,0.49201515270081714,0.5885688429040022,-1.3049532452384578,1.3657422684741696,48.14450493506494,8.446490431902715,0.9797402597402597,0.27005261140966236,0.33675157502246755,0.1359804412553484,-0.5993732032765431,0.5904054279785872,0.49123999460792356,0.4130722612803748,6,0.5553140373243861,DUC
DUC,DUC,duL5_45,-59.92379,-2.95699,1.186566272603014,1.186370464544546,-0.9027072218904708,0.3203795310011242,0.22208316786886542,-0.3049116832528814,-0.22755980148315494,-0.23473947378559779,0.162221988602563,0.5854367694545666,-0.6980412786475837,1.1821394386126156,48.04438030075188,9.185319121637542,1.069624060150376,0.4408186292044201,0.3241124757340311,0.11655114232278914,-0.6558512376213071,0.5907107756249979,0.44966725720140277,0.408360043140393,9,0.5500412569515486,DUC
DUC,DUC,duL5_55,-59.91487,-2.95559,-0.6759440193104783,-0.6642228266257547,-0.9027072218904708,0.3203795310011242,0.22520968433585895,-0.8302623809702114,-0.7567487403575472,-0.9431685380016365,-0.48295108025762135,0.28880136595434636,-0.5842452849117946,-0.5558132502269183,49.068280303030306,10.048650101965524,1.0045454545454546,0.4534983805554317,0.3015721498821933,0.08579331922052733,-0.6222937329339997,0.4852391857643143,0.36354437663490247,0.33995839756553975,6,0.09163921072153569,DUC
DUC,DUC,duL5_65,-59.90603,-2.95419,2.125990589740662,2.11978401205901,-0.8053592994126505,0.40369532446452444,0.22752415411225865,-0.15019344881999563,-0.1588046627976451,-0.006676254779691658,0.3346242339605516,0.516891896968743,-0.5842452849117946,1.525202466599684,47.04763107553366,17.28216783080526,0.844704433497537,0.34451943862105217,0.35336706208647006,0.09980343901461997,-0.36285627488152017,0.8243218575988241,0.6258967781198972,0.3946775000169682,9,0.43701161229190166,DUC
DUC,DUC,duL6_05,-59.9579,-2.97153,0.025329218270906964,0.03256341631741468,-0.9027072218904708,0.3203795310011242,0.030765514397005072,-0.6048020016404765,-0.30442150722551303,-0.6491439107729605,-0.7617872274586978,-0.15198254949001225,-0.7549392755154778,0.46727005727883414,45.81965202821869,9.008940092979682,0.963668430335097,0.5722407981073816,0.30968853803973406,0.125513524965067,-0.4340519550219043,0.7893825048850466,0.42944175494012954,0.36209793076196534,9,-0.4593053952302572,DUC
DUC,DUC,duL6_15,-59.94906,-2.97004,-0.8379912216201211,-0.825233193520989,-0.9027072218904708,0.3203795310011242,0.03309980686197933,-0.8832759847035268,-0.4921542709203511,-1.1295097559830927,-1.4952146031669449,-1.1453844336448997,0.30715666601855257,-1.0979015816707116,45.26541043709194,7.510926708084848,0.9178796046720574,0.9059753813767079,0.2928889080065026,0.1255601873485161,-0.2433288553051053,0.9236176872885896,0.3434632968024275,0.387203112271478,8,-1.2879123640707961,DUC
DUC,DUC,duL6_25,-59.94014,-2.96864,-0.8661733437609285,-0.8532349964592907,-0.9027072218904708,0.3203795310011242,0.12018839672357724,-0.6048020016404765,-0.30442150722551303,-0.6491439107729605,-0.7617872274586978,-1.056805674361751,0.45888465766627135,-1.2325998687238229,43.27862009168316,10.335656736020544,0.8290697977056777,0.6438033466149106,0.2554846664229426,0.13839709847818557,-0.0783738929982634,0.8257224626939323,0.1671980059284379,0.5641561645209802,12,-1.2318371552250733,DUC
DUC,DUC,duL6_35,-59.9313,-2.96724,0.16958038224594507,0.17589161023652325,-0.9027072218904708,0.3203795310011242,0.12342838099414251,-0.3939162372011859,-0.6111318959296795,-0.15293205671052057,0.162221988602563,0.4387171688373466,-1.0583952588109153,0.5899501382551829,61.70803589962931,18.686483591375808,1.3503849443969205,0.4612072051982431,0.2794777078982972,0.10773669069540225,-1.2742210783483625,0.8123820365738101,0.09773014278158815,0.5401883368121944,9,0.31346490479521016,DUC
DUC,DUC,duL6_55,-59.91346,-2.96443,-0.23031421295896054,-0.22144431766386022,-0.8053592994126505,0.40369532446452444,0.12773742336579483,-0.6881466222336847,-0.9444815040523856,-0.6491439107729605,-0.028359851750450665,0.3277351257427747,-0.5652792859558302,0.20310162893585812,40.265968901846456,11.907477942718211,0.9137026239067055,0.23766775376529045,0.2965114407644304,0.0988050999918471,-0.1290587133346679,0.7930764773106078,0.44736590628378486,0.30799540138724835,5,0.1474089982791592,DUC
DUC,DUC,duL6_65,-59.90463,-2.96302,-0.34219237887139015,-0.33260664743185936,-0.8053592994126505,0.40369532446452444,0.12885227871290228,-0.8302623809702114,-0.9444815040523856,-0.7856192830655175,-0.48295108025762135,-0.5472779291708937,-0.5652792859558302,0.06056186980341862,38.973377142857146,11.888617141687655,0.9228571428571429,0.3461139071522934,0.27241004250715833,0.08337629600063778,-0.05486105061833987,0.7739859666660379,0.3609281787950238,0.3110922591804648,9,-0.8468952152781991,DUC
DUC,DUC,duL6_75,-59.89571,-2.96162,1.108336588729393,1.1086413219054672,-0.8053592994126505,0.40369532446452444,0.12908058140200857,-0.8302623809702114,-0.6111318959296795,-0.7856192830655175,-0.7617872274586978,0.3319546221113174,-1.0583952588109153,1.1473294106647953,45.35010744047619,15.120122256596483,0.8637896825396826,0.5294183403081519,0.31044991234426295,0.10381329799375702,-0.21498618511492082,1.1340743810035376,0.45799932107831803,0.2699817421129568,8,0.15352903422790584,DUC
DUC,DUC,duL7_05,-59.95658,-2.98037,-0.44520289428261733,-0.43495806506841017,-0.7239271645484021,0.212091743507514,-0.055866470086378066,-1.3864069876915948,-1.2090759734895817,-2.0660020392050376,-1.4952146031669449,-0.8517223025994201,0.0037006827231150915,-0.09195607225473501,54.83831190476191,26.196365200101624,1.2788690476190476,0.7465966670689553,0.3919531549993383,0.11934659952525012,-1.0102105977080271,0.9850636385004291,0.6481316722144473,0.31492937126941833,6,-1.0904109121285035,DUC
DUC,DUC,duL7_15,-59.94766,-2.97896,0.04130313663951129,0.04843512789666765,-0.7239271645484021,0.212091743507514,0.03309980686197933,-0.42571816551055663,-0.3915601223077018,-0.5287641010142742,0.3346242339605516,0.297606394273214,-0.6411432817796896,0.4816354691845596,48.33247753968254,9.331962472530321,1.0857142857142859,0.3273977971035651,0.3337895444522143,0.13927404617086098,-0.6753090760190363,0.5437891262310204,0.4144357263182832,0.8171286607537765,7,0.10414190690602096,DUC
DUC,DUC,duL7_25,-59.93882,-2.97756,1.0721371387381837,1.0726734888209248,-0.9027072218904708,0.3203795310011242,0.03464050824296045,-0.15019344881999563,-0.1588046627976451,-0.006676254779691658,0.49201515270081714,0.5854367694545666,-1.2290892494145984,1.130793941764622,50.40389935897436,10.601890272214714,1.1288461538461538,0.3300821922060579,0.34465952336192307,0.15315940603617226,-0.7881099894786403,0.5842895376340621,0.39701430530136167,0.9792458930251059,6,0.5500412569515486,DUC
DUC,DUC,duL7_35,-59.9299,-2.97616,0.6611276117406749,0.6642937463996161,-0.9027072218904708,0.3203795310011242,0.03564189578650061,-0.3049116832528814,-0.22755980148315494,-0.23473947378559779,0.162221988602563,0.3968028006001974,-0.6790752796916193,0.9204367602772461,46.37725756190476,11.146925134800687,1.0297142857142858,0.5416825893320758,0.3297407761617663,0.12122154170781888,-0.5563417359936542,0.7559566534956382,0.5078170497559589,0.3299680911536142,8,0.24949276115650534,DUC
DUC,DUC,duL7_65,-59.90322,-2.97186,1.5113287878764994,1.5090550341805344,-0.8053592994126505,0.40369532446452444,0.03605475454165133,-0.6048020016404765,-0.4921542709203511,-0.6491439107729605,-0.24141222300743073,0.5502120709591578,-1.3997832400182824,1.3147380754464622,53.33460242808957,10.817048315166913,1.1868480725623582,0.8124605282712509,0.3434633029717132,0.15312943842851154,-0.8787105399632412,0.49696095080986996,0.4207659345238066,0.6354989545951414,9,0.4913955509551093,DUC
DUC,DUC,duL7_75,-59.8943,-2.97046,0.3325386445385881,0.3378072078301941,-0.8053592994126505,0.40369532446452444,0.0354771624090307,-0.5659308622325807,-0.4921542709203511,-0.42108069176705387,-0.48295108025762135,0.05663927260082843,-0.9066672671631966,0.7122728776659228,49.91779805511905,21.90858100155649,1.1995238095238094,1.2177544734665904,0.3247350917735979,0.12101976024989687,-0.5871685000727899,1.2030650940249046,0.44907325574167595,0.3080408161650645,8,-0.21602090967334805,DUC
DUC,DUC,duL8_05,-59.95517,-2.98929,-0.8096876248149136,-0.7971106931562293,-0.7239271645484021,0.212091743507514,-0.055866470086378066,-0.64548173869522,-0.03982703778831659,-1.1295097559830927,-1.4952146031669449,-1.868766358485553,0.6485446472259189,-0.9790027452567538,43.21747419726586,10.198880559704818,0.8625963248369887,0.5918221980090177,0.29921681251534915,0.1351323189768669,-0.1324512920173276,0.8087518615339899,0.3896983580180814,0.4658527257375261,13,-1.6524732378004325,DUC
DUC,DUC,duL8_15,-59.94633,-2.98788,-0.8910756499629351,-0.877977968883221,-0.7239271645484021,0.212091743507514,-0.05568943297117216,-0.12687322280099267,0.2247674316488797,-0.07719021884947905,-0.48295108025762135,-1.0999589305187223,0.5157826545341646,-1.369271769534154,42.55165864253481,11.504683349700183,0.9785972150593089,0.9881886323983077,0.2851543538744758,0.1461264404831441,-0.15801757909479025,0.9832655441098342,0.3297236000174498,0.4044737940507024,9,-1.2595151257202148,DUC
DUC,DUC,duL8_25,-59.93741,-2.98648,-0.28376306529497464,-0.2745511853054667,-0.7239271645484021,0.212091743507514,-0.05593687480786826,-1.000043399038722,-0.7567487403575472,-1.1295097559830927,-1.0915803915569517,-0.8684778832052376,-0.2807893016163571,0.1375800900092544,54.64129301587302,8.58288866461309,1.2698412698412698,0.7246600097804397,0.4021634692316751,0.11712049899183076,-1.06242388739586,0.5501289060860345,0.664219573598515,0.3733029926291267,5,-1.1026064738229187,DUC
DUC,DUC,duL8_35,-59.92849,-2.98499,-0.8986070791557371,-0.8854612093236293,-0.7239271645484021,0.212091743507514,-0.056532922547096236,-1.1348414861975606,-0.9444815040523856,-1.1295097559830927,-1.4952146031669449,-1.3858821281837954,-0.07216331310074428,-1.4146579531922359,39.78248911120432,12.827074899120264,1.2284385382059801,1.1180336926575003,0.3719560527573673,0.22902233387997234,-0.1644651013002837,1.0127171392644456,0.6289554240375094,0.7105836999623479,12,-1.4264122646946242,DUC
DUC,DUC,duL8_45,-59.91957,-2.98359,0.4597226181654218,0.4641774133319261,-0.7239271645484021,0.212091743507514,-0.05743861435268502,-0.22413521913267534,-0.22755980148315494,-0.006676254779691658,0.162221988602563,0.5759717536620768,-1.3428852431503875,0.7981591336969335,58.07547964416536,13.795079101310172,1.1698587127158555,0.6734779054676862,0.3469454015690788,0.1533577038539764,-1.0451898106391864,0.5545764150461777,0.39178549910003235,0.6002409558960136,11,0.5341651313123309,DUC
DUC,DUC,duL8_55,-59.91074,-2.98218,1.4206479509018757,1.4189544053294911,-0.6550209087033527,0.2961406305706114,-0.05743861435268502,-0.3049116832528814,-0.22755980148315494,-0.15293205671052057,-0.028359851750450665,0.5303747539065108,-1.2480552483705638,1.2794805649082652,39.279087134853945,21.756087260912047,0.8650660264105642,0.4419687706652873,0.28579143548826286,0.12125101470033331,0.01682811024923764,1.0525595712179785,0.43115975960377034,0.31862720833445524,10,0.45889142635371205,DUC
DUC,DUC,duL8_65,-59.90182,-2.9807,-0.39582344320400425,-0.3858945612131532,-0.6550209087033527,0.2961406305706114,-0.058746911798647126,-1.4894031465410629,-1.2090759734895817,-2.7744311034210756,-1.4952146031669449,-1.2441074424628604,0.07956467854697447,-0.01588260300064291,35.40872363945578,11.482437577139285,1.9255102040816328,1.2595628928739901,0.4976954846721256,0.2694822031233822,-0.4776811026212555,1.0183183689497748,1.0481704852782838,0.7865533594688876,8,-1.3471099169964398,DUC
DUC,DUC,duL9_05,-59.95385,-2.99821,-0.4682223431864234,-0.4578302273822384,-0.7239271645484021,0.212091743507514,-0.1433029823095209,-0.8832759847035268,-0.4921542709203511,-1.1295097559830927,-1.0915803915569517,-0.8033235270185018,0.19336067228276269,-0.129541528167156,47.72036315876818,14.63164935816034,1.3810949529512404,1.4250027876563554,0.35785757761046055,0.17290306504917474,-0.5926659976168503,1.2411604113041668,0.5274653435181128,0.4605334143764269,12,-1.054511498441153,DUC
DUC,DUC,duL9_15,-59.94493,-2.9968,0.8746800717559314,0.876479822113126,-0.7239271645484021,0.212091743507514,-0.14535633942951465,0.14740671552915324,0.10578980663955104,0.5154115914548907,0.49201515270081714,0.27542303149116926,-0.2618233026603927,1.0353369010692126,52.2523488151843,10.360430238945986,1.1990384615384615,0.6504432249542529,0.4012408603908607,0.13735118350219927,-0.9482230390885082,0.6929053591320907,0.6862589167578279,0.34342027396540936,6,0.07276432472591796,DUC
DUC,DUC,duL9_25,-59.93601,-2.99532,0.43141902136021426,0.4360549129671662,-0.7239271645484021,0.212091743507514,-0.14745275963158547,-0.5287143243600247,-0.6111318959296795,-0.5287641010142742,0.162221988602563,0.516891896968743,-1.1911572515026687,0.7796858159209092,58.18975067750677,10.499076262604232,0.9317073170731709,0.5137346501035969,0.3047716882077196,0.09286175943740066,-0.8782173030627838,0.4540342936205935,0.2937100561196199,0.3454737498503543,9,0.43701161229190166,DUC
DUC,DUC,duL9_35,-59.92709,-2.99391,-0.8851233914073335,-0.8720637949867694,-0.7239271645484021,0.212091743507514,-0.14970229301437715,-0.19878687473134424,-0.30442150722551303,0.12124637222373225,-0.028359851750450665,-0.4482398262147126,0.4399186587103052,-1.334830701276791,40.194793937159176,12.643988928393451,1.5006912442396314,1.1302442889057152,0.4241878761204685,0.24919310420042265,-0.42010840002544625,1.0363813543839415,0.7865864072120116,0.7150408361906694,10,-0.7579573707018643,DUC
DUC,DUC,duL9_45,-59.91825,-2.99243,0.6626460450456755,0.6658024642303437,-0.7239271645484021,0.212091743507514,-0.15204068672526194,0.22768843754250923,0.2600500920797639,0.5154115914548907,0.7708512999018932,0.5134880058172868,-1.2101232504586341,0.921303120519897,44.177268184196755,11.963933134691626,1.0196232339089482,0.48434748632072633,0.3541109106363317,0.12711835531767646,-0.41481788211535,0.8595386918649814,0.617079784970098,0.32284648319211845,8,0.43151479205804316,DUC
DUC,DUC,duL9_65,-59.90041,-2.98954,1.5201357010455019,1.5178055975987539,-0.6550209087033527,0.2961406305706114,-0.058746911798647126,-0.22413521913267534,-0.30442150722551303,-0.006676254779691658,0.3346242339605516,0.5978974233593548,-1.1342592546347747,1.3180957333385865,51.76541198686371,32.04827791586126,1.784729064039409,0.9801302452916819,0.47529036197525215,0.17214160427637937,-1.052707579438372,1.2179308824883297,0.914323049174095,0.5103981111313802,9,0.571075323408073,DUC
PDB,PDB,cAr0,-59.90372,-2.40894,0.7261772945268922,0.7289272182679806,-0.35520519304999515,0.27767539086930276,0.8241747764873992,-0.42571816551055663,-0.4921542709203511,-0.5287641010142742,0.49201515270081714,0.27091709285544885,-0.015265316232849331,0.9568826318034813,50.92734847192609,12.337019021623393,1.215778251599147,0.5300191862473362,0.3156402870019766,0.13176301262105128,-0.8438048002500053,0.6810550181105891,0.3603219560872903,0.5064897145272201,8,0.06643996905752814,PDB
PDB,PDB,cAr2,-59.91219,-2.4085,-0.3525177253453929,-0.3428659286808061,-0.35520519304999515,0.27767539086930276,0.8447069806053715,-0.17415266401652277,-0.22755980148315494,-0.07719021884947905,0.6368007627561305,-0.11587329398435985,1.3313206096406534,0.04629995953378237,37.90074776482022,18.395421838961656,1.0138483965014577,0.603488127088346,0.3675212448633966,0.2799826754683341,0.01178584374871606,1.4430839376015678,0.636362909493797,0.689115971509078,7,-0.41927313418672635,PDB
PDB,PDB,cAr4,-59.92075,-2.40603,-0.4843177362194277,-0.47382263638794947,-0.473651379841294,0.25769484867669334,0.8619540867477473,-0.19878687473134424,-0.30442150722551303,-0.07719021884947905,0.6368007627561305,-0.21309730825348866,0.9899326284332852,-0.156704019100957,54.739165806878304,8.006058567505319,1.4123015873015874,0.5862514333108214,0.42004637031917896,0.26820321900201466,-1.1591793402570145,0.6257841415915315,0.533123542749328,0.8792458218607766,12,-0.5251801672654468,PDB
PDB,PDB,cAr6,-59.92994,-2.40647,1.425263988149077,1.4235409075349026,-0.473651379841294,0.25769484867669334,0.8619540867477473,0.001325160197059476,-0.09660807435393211,0.05928515344307818,1.0123901571520841,0.7215831966510556,-0.1100953110126748,1.2813062592675262,58.61405714285714,28.04519020876171,1.2485714285714287,0.6629949948819464,0.3902548320128432,0.11200536517791822,-1.1046495015872373,0.9878825459418361,0.6130865432826875,0.31725163619124624,7,0.7883078999098289,PDB
PDB,PDB,cCe0,-59.90269,-2.40131,-0.42479515066341195,-0.4146808974234331,-0.35520519304999515,0.27767539086930276,0.8241747764873992,0.001325160197059476,-0.09660807435393211,0.28734837244898453,0.6368007627561305,-0.14463880058545237,0.7054426440938139,-0.05979793266709384,38.84790519480519,18.27246106694778,1.0365367965367966,0.6147328428765246,0.2667991493274161,0.15512274566351966,3.040024862977939e-5,1.3281190813001182,0.288357755940993,0.5838518720973727,9,-0.4512315140363598,PDB
PDB,PDB,cCe2,-59.91131,-2.39922,1.9992317774392283,1.9938362475498814,-0.35520519304999515,0.27767539086930276,0.8520864890832217,0.315207083485818,0.10578980663955104,0.7677142176591168,1.1220512756872738,0.4161075271897303,0.0037006827231150915,1.4853399797325868,51.42513744164332,10.531116052648462,1.2896358543417368,0.617508804831159,0.38177319445666863,0.16027913483871525,-0.9482554041455473,0.5817738722054298,0.5893066891285058,0.5185312102857115,9,0.27876381361787284,PDB
PDB,PDB,cCe4,-59.92019,-2.39814,0.8203201594369172,0.822467723773083,-0.473651379841294,0.25769484867669334,0.8686938008633077,0.5562999250710201,0.5581170397715853,0.8296754364397709,1.323242263614682,0.3850091962205174,0.06059867959101004,1.0073410320978382,60.220760805860806,6.855889535372897,1.0175824175824177,0.45941490776426885,0.3449818279021978,0.20118039647956135,-1.047503963091176,0.4765390842670962,0.370920755665716,0.5718861229062425,5,0.23177100190255026,PDB
PDB,PDB,cCe6,-59.92889,-2.39822,-0.05611954420931451,-0.048364208122806146,-0.473651379841294,0.25769484867669334,0.8686938008633077,0.14740671552915324,0.14790572590652148,0.5154115914548907,0.3346242339605516,-0.570920100902139,0.9709666294773208,0.39056193567709474,53.173127586206896,8.258114825883295,1.639655172413793,0.8711027184503813,0.5408855523005751,0.29583876378625223,-1.2496018251116447,0.9035082721096833,0.9268144778240556,0.8109988049834461,11,-0.8673822478633566,PDB
PDB,PDB,cEi0,-59.90186,-2.39261,1.4307303480470783,1.4289722917255212,-0.35520519304999515,0.27767539086930276,0.8320997506715573,0.7535338773666892,0.6587111883842345,1.2238406556709291,1.323242263614682,0.6662510846982309,-0.5652792859558302,1.2834638812268304,52.56315463659148,21.842175902455025,1.2781954887218046,0.7747901907491442,0.3920360963457223,0.15288784185456558,-0.9459793192286147,0.9080783512351869,0.6464956880228406,0.4053155036878677,7,0.6891998814665029,PDB
PDB,PDB,cEi2,-59.91031,-2.38997,1.167130326299009,1.1670588763112346,-0.35520519304999515,0.27767539086930276,0.8576245381465335,0.5019683758726551,0.4391394147622569,0.9160970694685335,0.8956493643108101,0.38104190055170406,-0.2049253057924986,1.1736056027459891,54.32511607142857,8.734232530516097,1.1442857142857144,0.3471149266618081,0.37031172780678573,0.17841043980167604,-0.9718039451118919,0.5379386707519148,0.5055395139451597,0.5233352931263346,6,0.22583668190631423,PDB
PDB,PDB,cEi4,-59.91881,-2.39025,0.9934215562069629,0.9944615564760133,-0.473651379841294,0.25769484867669334,0.8520864890832217,0.7015706721386906,0.6203136282152985,1.2031925372900405,1.0123901571520841,0.38895833486621645,0.4209526597543408,1.0938458468151226,53.744659462759465,9.828240179287345,1.372893772893773,0.6366335511466741,0.44678520038441977,0.1757970909366092,-1.1368913623331638,0.6593296233753586,0.7864466908844676,0.4104708418287039,6,0.23769172661039498,PDB
PDB,PDB,cEi6,-59.92783,-2.38931,0.17407494482874636,0.1803574150154766,-0.473651379841294,0.25769484867669334,0.8736932196301654,0.30121547858465453,0.2600500920797639,0.7677142176591168,0.49201515270081714,0.27542303149116926,0.933034631565392,0.5935367030846329,46.84817224958949,10.588107270146923,1.1039408866995073,0.7575408767353952,0.36287169856346907,0.18989004179752342,-0.5150865121407636,1.1018626366046438,0.5582652712967406,0.6120774731668717,9,0.07276432472591796,PDB
PDB,PDB,gA0,-59.85411,-2.43075,-0.0433647044473112,-0.03569097834469555,-0.3969587393144859,0.3805215436240235,0.6696179572077156,-0.3632303992163067,-0.3915601223077018,-0.15293205671052057,-0.028359851750450665,0.3192337240897938,-0.034231315188815434,0.40297757794257344,51.53787345679012,9.11799049360439,1.2333333333333334,0.6151104473495247,0.36104427721943544,0.13350795231937204,-0.9049301046604906,0.5282724546742192,0.5283267662515256,0.46737592391434063,8,0.13512375958677467,PDB
PDB,PDB,gA1,-59.85178,-2.42361,-0.30089099297537913,-0.2915695224360724,-0.3969587393144852,0.2948743878984134,0.6813748621557542,-0.4930172597638428,-0.30442150722551303,-0.42108069176705387,-0.48295108025762135,-0.003307415818489199,0.5537146524460951,0.11562255517397711,48.55288621031746,23.37806650124386,1.2205357142857143,0.8573734113603736,0.36907443293138653,0.17860165341172624,-0.7105892002737164,1.0257018752427707,0.6067114631576397,0.4734467294217151,8,-0.28896406374556205,PDB
PDB,PDB,gA2,-59.84856,-2.41386,-0.4205435374094108,-0.4104564874973962,-0.3969587393144852,0.2948743878984134,0.6636082648645096,-0.5287143243600247,-0.22755980148315494,-0.5287641010142742,-0.48295108025762135,0.08511992023220495,0.21232667123872878,-0.05322896714582352,47.04256888888889,13.147527246449576,1.0944444444444446,0.6667767825488213,0.3193676016043292,0.17785497067857398,-0.5940295336900216,0.8356350796772166,0.4314054463848704,0.47931919995551125,9,-0.18046770305300985,PDB
PDB,PDB,gA3,-59.84553,-2.40503,-0.1672688621353439,-0.1588023533320561,-0.3969587393144852,0.2948743878984134,0.6719310599021436,-0.5659308622325807,-0.6111318959296795,-0.32366919911047975,-0.7617872274586978,0.1855071249139993,0.09853067750293888,0.2751515822273638,51.352451053864165,10.593824982433716,1.081264637002342,0.414738797534283,0.32053717667028103,0.13940950121260315,-0.7684846516841238,0.5044991503985188,0.3648609357741633,0.5933223931177797,9,-0.05036733178164309,PDB
PDB,PDB,gB0,-59.84481,-2.42803,-0.7509546245774981,-0.7387534874636912,-0.3969587393144852,0.2948743878984134,0.65308993618193,0.05900254378811382,0.38472705686298597,-0.15293205671052057,0.3346242339605516,0.05663927260082843,1.3692526075525822,-0.7704599465092704,54.629686813186815,5.820564767672385,1.6703296703296702,0.7203589866990351,0.5382387749921121,0.332142615585228,-1.374867314721122,0.710297320303393,0.8730631614857867,0.9068587585685802,6,-0.21602090967334805,PDB
PDB,PDB,gB1,-59.84211,-2.42183,-0.3087868461613813,-0.29941485515585525,-0.3969587393144852,0.2948743878984134,0.65308993618193,-0.2502403412969745,-0.22755980148315494,-0.5287641010142742,1.0123901571520841,-0.06106851060035764,1.0657966242571446,0.10533239441955973,47.659851123090746,10.149889795726825,1.11455525606469,0.41221865635675287,0.3453562362425866,0.16682068507541706,-0.6833301365940782,0.71076787092345,0.5165577958324263,0.4720389996530212,6,-0.35689106862865383,PDB
PDB,PDB,gB2,-59.83917,-2.41269,-0.4144698041894092,-0.40442161617448635,-0.3969587393144852,0.2948743878984134,0.632531757506514,-0.5287143243600247,-0.3915601223077018,-0.42108069176705387,-0.48295108025762135,-0.06106851060035764,1.0088986273892513,-0.04392037495968732,49.86193835978836,12.39579724865738,1.083068783068783,0.5871964968053653,0.30398870774459025,0.10068531220639933,-0.6552964025952202,0.7342089045521961,0.33377717077179414,0.5234309347239438,8,-0.35689106862865383,PDB
PDB,PDB,gC0,-59.83686,-2.43036,0.35325007481879367,0.3583861190413167,-0.3969587393144859,0.3805215436240235,0.6140570117544459,-0.19878687473134424,-0.30442150722551303,-0.006676254779691658,0.3346242339605516,0.13412973227528713,0.17439467332679826,0.7267817535103993,49.479440346320345,12.220283536344535,1.0898701298701299,0.46585773930150837,0.35853491746779126,0.16885109545618016,-0.7283700256174812,0.7146494428647585,0.5524038888760653,0.4563521592171571,8,-0.11789686777465458,PDB
PDB,PDB,gC1,-59.83408,-2.42256,-0.0038854385173006374,0.003535685254218499,-0.3969587393144852,0.2948743878984134,0.6233312958436891,-0.03935457685768402,-0.22755980148315494,0.28734837244898453,0.6368007627561305,0.3968028006001974,0.022666681679079512,0.44044038844665195,49.1623039408867,11.70143486533595,1.1726600985221676,0.7362532218532849,0.3332873067891432,0.1458107757692986,-0.742763508119472,0.7427853535280027,0.40994097815344727,0.8995113693688453,5,0.24949276115650534,PDB
PDB,PDB,gC2,-59.83019,-2.41172,-0.08405871702132195,-0.07612461620819143,-0.3969587393144852,0.2948743878984134,0.632531757506514,0.2869963579672262,0.6397947840231885,0.12124637222373225,0.162221988602563,0.05663927260082843,0.6675106461818834,0.3628039712191407,48.147894061624655,10.199496576624629,1.064873949579832,0.4303022534097325,0.3401258185944799,0.1575473105188068,-0.6715567420403307,0.6768469174373475,0.5054935159925134,0.4401261812917279,6,-0.21602090967334805,PDB
PDB,PDB,gC3,-59.82714,-2.40322,-0.4770292563554257,-0.4665807908004576,-0.3969587393144852,0.2948743878984134,0.602550282807049,-0.01877817690703462,0.46473368558906386,-0.5287641010142742,-0.24141222300743073,0.027186403571867176,0.06059867959101004,-0.1443107815983207,50.23787703604807,9.778506893990155,1.2324432576769027,0.5916033870538928,0.37746564125440135,0.19857789496628675,-0.8683764696507733,0.6593525814879992,0.5685495865497828,0.5622272788882711,7,-0.25217582155130464,PDB
PDB,PDB,rAB06,-59.78117,-2.44597,1.141620646775002,1.1417124167550132,-0.5345591375508891,0.39653211069145533,0.4527235671459939,0.05900254378811382,0.060767110824332504,0.23492420978532688,0.7708512999018932,0.7080792389200574,-0.2997553005723224,1.1622910987745723,54.1197222821204,12.271549741671299,1.2916442048517522,0.7294011725681722,0.33713978557219404,0.16100740822022439,-0.98417763343399145,0.688454843267696,0.3729633441950145,0.6632523545355736,7,0.7638263898798543,PDB
PDB,PDB,rAB16,-59.78069,-2.43722,2.035674176759238,2.030045475487341,-0.5345591375508891,0.39653211069145533,0.4513728901589416,0.0774128374775113,-0.09660807435393211,0.23492420978532688,1.2254425284090646,0.5947990886555168,-0.2618233026603927,1.4969670356969431,51.5138829228243,20.149675617511118,1.261576354679803,0.7583726451435553,0.3867744558035995,0.1836999914698306,-0.8963019260232704,0.8947212285599158,0.6229692565597904,0.4891236023214762,8,0.565831019151298,PDB
PDB,PDB,rAB25,-59.78019,-2.42889,0.11394498595073035,0.12061218891866914,-0.5345591375508891,0.39653211069145533,0.45031066746770615,-0.3632303992163067,-0.4921542709203511,-0.42108069176705387,0.49201515270081714,0.21009241439320334,0.09853067750293888,0.5444333514136637,51.1255842985843,10.175266602340855,1.1335907335907336,0.500322880874195,0.36368006676998277,0.15522081933992293,-0.8261035313809592,0.5985286151951777,0.5199207929419951,0.6709892483026568,8,-0.017334731242503496,PDB
PDB,PDB,rE06,-59.76467,-2.44733,0.3787597543428003,0.3837325785975379,-0.5345591375508891,0.39653211069145533,0.39111465105433874,-0.01877817690703462,0.012406452457029395,0.17966496320176467,0.49201515270081714,0.6252929080458732,-0.2618233026603927,0.7443619878607314,47.94027015873016,21.725371081530554,1.1495238095238096,0.9040721762615409,0.3347097067125959,0.21307253030419734,-0.5751915068540655,1.15807945090747,0.40834160432999317,0.953059948577076,9,0.6178574501982835,PDB
PDB,PDB,rE25,-59.76328,-2.43039,2.559837353645377,2.5508548706544594,-0.6767674707147767,0.41240020833600943,0.3843653673649834,-0.15019344881999563,-0.22755980148315494,-0.07719021884947905,0.7708512999018932,0.3770562801265712,-0.07216331310074428,1.6505435043010703,55.6582455026455,9.086094460065391,1.4708994708994707,0.7098408837509591,0.5019207660795294,0.18684536528709733,-1.2832895521464063,0.5245081785935805,0.9218524996565967,0.48044564612844254,7,0.21988867253602262,PDB
PDB,PDB,rFF06,-59.75564,-2.448,1.2965008438850427,1.2956016354892137,-0.6767674707147767,0.41240020833600943,0.35996432126992484,0.36903679241185533,0.2247674316488797,0.5554970075055181,1.6688333838173381,0.5502120709591578,0.06059867959101004,1.2290595939918418,50.87762994708994,11.130757507005427,1.2812698412698413,0.7282923113849525,0.40520319825570345,0.16937270124009834,-0.931132802803354,0.7201582649220769,0.6944020201171769,0.4289771980539589,6,0.4913955509551093,PDB
PDB,PDB,rFF16,-59.75511,-2.43914,1.1355469135550003,1.1356775454321033,-0.6767674707147767,0.41240020833600943,0.3504138866226008,0.19645452266690144,0.060767110824332504,0.38475986510555865,1.323242263614682,0.516891896968743,0.25025866915065764,1.1595778275302875,56.24113059163059,12.73704926793103,1.3567099567099568,0.8489942807449986,0.35891298428937124,0.17582154923090088,-1.077394583747863,0.5543286144640506,0.44460530486428407,0.6029387253435294,9,0.43701161229190166,PDB
PDB,PDB,rO03,-59.773,-2.44975,-0.04761631770131223,-0.03991538827073234,-0.5345591375508891,0.39653211069145533,0.42206401978906166,0.11310990207369316,0.012406452457029395,0.23492420978532688,1.1220512756872738,0.640145000831315,-0.4704492911760056,0.3988564630945486,45.55136530612245,10.362698027644893,1.0222634508348794,0.7116421191281332,0.32022585341489995,0.13185256995020453,-0.5236546846949309,0.767345723337733,0.48394415511696176,0.3512703110943273,5,0.64353190685160655,PDB
PDB,PDB,rOO06,-59.74775,-2.44869,0.47229524593082517,0.4766695969703495,-0.6767674707147767,0.41240020833600943,0.3255767413788867,0.2725421999473532,0.2247674316488797,0.5154115914548907,1.1220512756872738,0.4312462538743548,-0.1859593068365342,0.8062548278531804,48.71676063492063,11.39925882216334,1.1547619047619049,0.5937121400239393,0.39458777727809524,0.2103136596011012,-0.768362532830352,0.7131839427900908,0.6698636128050975,0.5312071299393697,5,0.3019482770860896,PDB
PDB,PDB,rOO16,-59.74697,-2.43983,1.2230086719230233,1.2225796924820047,-0.6767674707147767,0.41240020833600943,0.3129079927563925,0.04019629960495533,0.060767110824332504,0.17966496320176467,0.7708512999018932,0.4161075271897303,-0.14802730892460364,1.197943027389171,48.75180986394558,12.628190727807272,1.2227891156462585,0.8923537573385468,0.29471339584663864,0.16717136952791342,-0.699552670639269,0.7800091350738828,0.1678518063281238,1.3084269028217503,7,0.27876381361787284,PDB
PDB,PDB,rOO25,-59.74631,-2.43256,-0.5025389358794324,-0.49192725035667895,-0.6767674707147767,0.41240020833600943,0.3129079927563925,-0.3939162372011859,-0.3915601223077018,-0.23473947378559779,-0.028359851750450665,-0.003307415818489199,0.8571706357415326,-0.1883898166616893,45.50978969873665,12.714835787677838,1.0472303206997087,0.6358200478570526,0.33430361092399197,0.16741109510841826,-0.4849124030886513,0.9056016216269398,0.5125559391796048,0.4084646706029393,7,-0.28896406374556205,PDB
PDB,PDB,rP16,-59.77278,-2.43769,-0.26444859365536955,-0.2553602944986134,-0.5345591375508891,0.39653211069145533,0.4180571025329339,-0.5287143243600247,-0.4921542709203511,-0.5287641010142742,-0.24141222300743073,0.10724639635517066,0.40198666079837636,0.16176514574564188,51.08834315476191,11.410960873992114,1.2142857142857144,0.9371476758716649,0.32208969532412984,0.1033119622402115,-0.7825796698431371,0.7460200825911262,0.41467699138864034,0.3620628814333489,6,-0.15243874714383643,PDB
PDB,PDB,rP25,-59.77189,-2.42964,-0.34340712551539043,-0.3338136216964413,-0.5345591375508891,0.39653211069145533,0.4145737776715852,-0.5287143243600247,-0.3915601223077018,-0.5287641010142742,-0.24141222300743073,0.1855071249139993,0.15542867437083382,0.05889471858385429,61.73723025793651,14.814534462066142,1.3821428571428571,0.47382003455428223,0.30574002974078934,0.17702776625324063,-1.320988403548151,0.721249800045328,0.17032282450533692,0.6580223758608291,6,-0.05036733178164309,PDB
UAT,UAT,uL1_05,-59.27145,-1.78078,0.430386486712814,0.43502898484227154,0.455937543928122,0.14352080478682094,-1.312712418998828,2.236584727847894,2.319483494181334,1.8580990538922502,2.088128770974663,-2.715109490878861,2.734804532382049,0.7790052760660993,41.39035608108109,11.419489628430123,1.6621621621621623,0.8330014023218634,0.35031964807869764,0.19008962466111454,-0.562742399903256,0.9937358709821882,0.4705507207171119,0.9668656483627704,11,-1.9238701761814936,UAT
UAT,UAT,uL1_15,-59.2628,-1.78087,-0.07555549051331967,-0.06767579635611763,0.47674275467016425,0.17161796612804334,-1.3196045627541213,2.0460699230551174,2.1248866675126568,1.8470497884637438,2.3218539898283135,-1.4836717834354398,2.127892565791176,0.3713354880794005,49.89730591900311,13.822032960581268,1.4140186915887851,0.5340224521786722,0.12514076419505638,0.13818681759817966,-0.6201502074122979,1.1001533604555822,-1.124180349244803,1.1591308949208805,9,-1.4774360607692916,UAT
UAT,UAT,uL1_25,-59.25343,-1.78097,-0.8973315951795368,-0.8841938863458182,0.47674275467016425,0.17161796612804334,-1.326690832149255,0.9816655206343572,1.1384230096692975,1.1821186546464792,0.8956493643108101,0.3649877576931658,0.9709666294773208,-1.4068223978014958,47.16111666666667,8.722851256647898,1.075,0.7751577679526868,0.1316333355576654,0.07746134497196547,-0.0817603712649762,1.355590658470723,-0.8829202713159895,0.8388396962025911,4,0.20196155086378548,UAT
UAT,UAT,uL1_35,-59.24475,-1.78114,2.6691645516054057,2.659482554466836,0.47674275467016425,0.17161796612804334,-1.334507806857729,0.5974584229647314,0.6397947840231885,0.7991643020929211,1.323242263614682,-0.13013618545778038,1.0657966242571446,1.679755269475841,49.84347134297619,12.701205524518162,1.542857142857143,1.5002856870800116,0.3108364190032156,0.17907962942298905,-0.6796448501217207,1.1703854310800268,0.17261505370980298,0.9664859349618551,12,-0.43518574068537536,UAT
UAT,UAT,uL1_45,-59.23546,-1.78136,0.7765892802529054,0.779016650248132,0.47674275467016425,0.17161796612804334,-1.341450532645939,-0.3335849618901829,-0.3915601223077018,-0.23473947378559779,0.162221988602563,0.5534744010754463,0.38302066184241196,0.9842246111667744,52.13424684684685,8.842803981085654,1.6243243243243244,0.38447598387703985,0.5390325571027027,0.17550737684555104,-1.3276733463368389,0.5074893053204896,1.072931547830152,0.3890642764617778,5,0.49677685661269194,UAT
UAT,UAT,uL2_05,-59.27145,-1.78995,3.189076115237543,3.176067539707918,0.455937543928122,0.14352080478682094,-1.312712418998828,-0.3049116832528814,-0.30442150722551303,-0.23473947378559779,0.49201515270081714,0.03315795188839704,0.4209526597543408,1.8078830094099547,54.313522727272726,10.897203198040035,1.45,0.7928491382965369,0.39002303787735043,0.1497971922492084,-1.0884383908597477,0.7520140765035349,0.5273678239094128,0.7823274641728797,10,-0.24489522389970164,UAT
UAT,UAT,uL2_15,-59.26277,-1.79031,-0.8444901161655228,-0.8316905058365026,0.47674275467016425,0.17161796612804334,-1.3296362102551331,1.0071989156448928,1.1816553881582945,1.0456432823539221,1.323242263614682,-0.16686025059965126,1.1795926179929346,-1.1273634988871981,41.77619381443299,12.009411897063385,0.9103092783505154,1.204472539479691,0.15965570852691452,0.1628308660387599,0.4931709957303801,1.5265333064936952,-0.606120436513948,1.161754438265321,6,-0.47555734009797157,UAT
UAT,UAT,uL2_25,-59.25335,-1.7906,-0.34948085873539203,-0.33984849301935116,0.47674275467016425,0.17161796612804334,-1.3403479810365686,1.1410978185080174,1.2222007404671564,1.2833942241090377,1.8906031429156454,-0.4276939677608789,1.3692526075525822,0.05051620262162644,44.31497682926829,18.469451275664902,1.2585365853658537,0.6319513824660856,0.12852628581194156,0.13646047395649843,-0.1709879265449231,1.4447759701339016,-0.9857626437306601,1.1297411850167307,6,-0.7388589106073467,UAT
UAT,UAT,uL2_35,-59.2448,-1.79083,-0.1435813025773376,-0.13526635517270774,0.47674275467016425,0.17161796612804334,-1.3520973670337664,0.4906849076994002,0.46473368558906386,0.9160970694685335,0.7708512999018932,0.6009846727632788,0.45888465766627135,0.3009111312266921,39.48290750401786,12.498698050045595,1.825,1.4858699016227817,0.4005590218804297,0.25466295450779314,-0.5193591210307811,1.1603014849393463,0.6970609960000073,0.7337649797875483,8,0.5763102376614857,UAT
UAT,UAT,uL2_45,-59.23561,-1.7911,-0.8863988753835339,-0.8733311179645805,0.47674275467016425,0.17161796612804334,-1.3625254683062813,-0.03935457685768402,0.10578980663955104,0.05928515344307818,0.162221988602563,0.03315795188839704,0.6106126493139901,-1.3421098314300846,53.66537907116667,11.943867307238001,1.772,1.1374698406447459,0.42888555700744074,0.27020841058537914,-1.2025176937035509,0.7043439060408857,0.4284518496459057,1.2967937328758743,10,-0.24489522389970164,UAT
UAT,UAT,uL3_05,-59.27185,-1.7994,-0.572994241231451,-0.561931757702433,0.455937543928122,0.14352080478682094,-1.3191076284577716,1.1934761467680373,1.4177488102204359,1.0210144496992746,1.4160243687620775,-0.4276939677608789,1.3882186065085464,-0.3215491231845791,48.955231007751934,13.647728314453413,1.4488372093023256,0.6912393658789228,0.14557916968271067,0.19141184161502733,-0.6064304410731108,0.8995749384933893,-1.0307226559502545,1.3878997764934662,10,-0.7388589106073467,UAT
UAT,UAT,uL3_15,-59.26284,-1.79951,0.8142464262169155,0.816432852450173,0.47674275467016425,0.17161796612804334,-1.3296362102551331,0.6074523220345954,0.7930441161146613,0.6671038269364497,1.0123901571520841,0.37305216487686316,0.5537146524460951,1.0041628036734744,44.33047391304348,11.850359135419023,1.4695652173913043,1.1583491387628893,0.2981103100870293,0.20498718263874394,-0.32326853886256895,1.4224545865404417,0.11492892425964663,1.0358735755559219,7,0.2139268786157844,UAT
UAT,UAT,uL3_35,-59.24454,-1.79994,0.8330749991989204,0.8351409535511934,0.47674275467016425,0.17161796612804334,-1.3520973670337664,0.24289676262122928,0.14790572590652148,0.5940694001891271,0.8956493643108101,0.3319546221113174,0.5726806514020596,1.0139819868290836,45.208783686067015,11.216250503871558,0.9582010582010582,0.6342303125515214,0.34586421685385244,0.15265903163665168,-0.32508952470138086,0.9271834115251917,0.5209253873883458,0.5317157960615996,11,0.15352903422790584,UAT
UAT,UAT,uL3_45,-59.23573,-1.79996,-0.44119423035741623,-0.4309750499952896,0.47674275467016425,0.17161796612804334,-1.3625254683062813,0.24289676262122928,0.187467550891154,0.33721421813788344,1.4160243687620775,-0.20521702254449578,1.4071846054645127,-0.08555555484930319,44.17985587253432,12.638542738547153,1.2907335907335906,1.5850673993172926,0.3252281940074193,0.22629709785287558,-0.2701239614655097,1.39617451406519,0.3668638040422053,0.6897583486338071,11,-0.5168165456351375,UAT
UAT,UAT,uL4_05,-59.27188,-1.808,0.10908599937472918,0.11578429186034138,0.455937543928122,0.14352080478682094,-1.3241931733887824,1.108095537710191,1.2822495367709437,1.1386207242477053,1.323242263614682,0.7295852813987049,0.7433746420057427,0.5403559709722234,52.70516,9.83569311808178,1.3866666666666667,0.560037476700124,0.211626079599784,0.1999973336662209,-0.8385914118038184,0.2769376865873264,-0.5957886559204396,1.3314315725432024,8,0.802905638566236,UAT
UAT,UAT,uL4_15,-59.26255,-1.80821,-0.5814974677394533,-0.5703805775545068,0.47674275467016425,0.17161796612804334,-1.3385338632614465,0.020976698453319217,0.012406452457029395,0.17966496320176467,0.7708512999018932,-0.028502936822378398,1.141660620081004,-0.3389145014116102,36.98104918699187,8.76976800027841,0.8439024390243902,0.9295679497533909,0.2738951826113663,0.15872546205483312,0.43216521753007753,1.0284045348235205,0.30195214872104514,0.6336690794402555,8,-0.31887373109869105,UAT
UAT,UAT,uL4_25,-59.25382,-1.80843,-0.21160711464135562,-0.20285691398929792,0.47674275467016425,0.17161796612804334,-1.3530447548394628,-0.2502403412969745,-0.30442150722551303,-0.07719021884947905,0.3346242339605516,0.1181004424615218,0.6295786482699545,0.22503811352338055,44.045651224489795,14.966642821870852,0.9577551020408164,0.5474914040320227,0.30714614780522664,0.14996370698375885,-0.22574507953813436,1.0518662819155638,0.3583697215625904,0.7266655556782585,11,-0.1385573274269367,UAT
UAT,UAT,uL4_35,-59.24436,-1.80853,1.9755442178812221,1.970300249390533,0.47674275467016425,0.17161796612804334,-1.3689145258963569,-0.15019344881999563,-0.22755980148315494,-0.006676254779691658,0.6368007627561305,0.28880136595434636,0.5347486534901307,1.4777078255560887,53.84610210409745,8.301125208166788,1.2285714285714286,0.5111991473866657,0.44349340914523433,0.12136992858005952,-1.0437497486637193,0.616138575910723,0.8027603498561755,0.41684505447139003,8,0.09163921072153569,UAT
UAT,UAT,uL4_45,-59.23576,-1.80862,3.196971968423545,3.1839128724277006,0.47674275467016425,0.17161796612804334,-1.3829941031126163,-0.03935457685768402,0.012406452457029395,0.05928515344307818,0.6368007627561305,0.31064772998657814,0.7054426440938139,1.8097054772250212,55.556127370948374,5.353487247297691,1.2943577430972388,0.5154670351876601,0.504829716553736,0.03667747894988429,-1.2406123273286846,0.2842270128741752,1.0058516859777948,0.13082384895162352,6,0.12277755084440367,UAT
UAT,UAT,uL5_05,-59.27208,-1.81779,0.5336399514528413,0.5376217973317386,0.455937543928122,0.14352080478682094,-1.3269239196252598,-0.6048020016404765,-0.4921542709203511,-0.6491439107729605,-0.24141222300743073,0.062411102067276084,0.5726806514020596,0.8448248631109891,49.766510714285715,12.43002421469206,1.2328571428571429,0.8979082575956494,0.404257440912411,0.18299289715106398,-0.6678505623951454,1.225336532007594,0.6780768647502112,0.46458323854294525,9,-0.20886309720748084,UAT
UAT,UAT,uL5_15,-59.26321,-1.81787,-0.36952417836139734,-0.3597635683849536,0.47674275467016425,0.17161796612804334,-1.3445080114734138,-0.3632303992163067,-0.22755980148315494,-0.32366919911047975,-0.028359851750450665,0.7295852813987049,0.4399186587103052,0.022348193590303544,47.21323870811688,14.102715114285932,1.622077922077922,1.293458250459293,0.43323704744013913,0.2394032168963812,-0.7772909064259825,1.1998120682916946,0.6882509790356739,0.8119891895436436,11,0.802905638566236,UAT
UAT,UAT,uL5_25,-59.25377,-1.81806,0.979451969800959,0.9805813524333205,0.47674275467016425,0.17161796612804334,-1.3622513683711546,-0.8302623809702114,-0.7567487403575472,-0.9431685380016365,-0.7617872274586978,-0.16686025059965126,0.9899326284332852,1.0871408081196519,55.25419339477727,10.460102394724336,1.1294930875576037,0.3958027867466904,0.4096285743843318,0.14635131495857379,-0.9928503740950612,0.7720688354247914,0.6695677703321827,0.4233752756211075,7,-0.47555734009797157,UAT
UAT,UAT,uL5_35,-59.24515,-1.81834,1.3590602960510594,1.3577608101151852,0.47674275467016425,0.17161796612804334,-1.3816256540599434,-0.3049116832528814,-0.30442150722551303,-0.07719021884947905,0.162221988602563,0.37305216487686316,0.591646650358024,1.2547912229948772,56.18553347477605,11.266178986687805,1.152050919377652,0.43067417339241687,0.4238255429987239,0.19557136642267428,-1.0433225141539935,0.7444706469532628,0.6637653124781148,0.629689581342336,9,0.2139268786157844,UAT
UAT,UAT,uL5_45,-59.23546,-1.81859,-0.15329927572934016,-0.14492214928936348,0.47674275467016425,0.17161796612804334,-1.398809190890682,-0.5659308622325807,-0.6111318959296795,-0.5287641010142742,-0.028359851750450665,0.28880136595434636,0.8002726388736376,0.29042479752914785,53.72645160875161,7.9176875564874365,1.4235521235521236,0.5741081488685308,0.5279275948699442,0.21478426124684905,-1.2117141504953992,0.7153406364153237,0.9897562232787499,0.5016778140879775,7,0.09163921072153569,UAT
UAT,UAT,uL6_05,-59.27084,-1.82791,-0.11321263647732957,-0.10509199855815855,0.455937543928122,0.14352080478682094,-1.3277373333978275,-0.3335849618901829,-0.3915601223077018,-0.15293205671052057,0.162221988602563,0.5370379938736484,0.6864766451378495,0.3329766732959475,47.97113248677249,12.913770572272753,0.9447619047619048,0.7049509077325351,0.32466988577991296,0.2005990848505721,-0.30785224578150555,1.0446797135535009,0.32085933135170897,0.8626830547559851,11,0.4697677275942466,UAT
UAT,UAT,uL6_15,-59.26223,-1.827,-0.5918228142134561,-0.5806398588034535,0.47674275467016425,0.17161796612804334,-1.3483057651880241,-0.4587204463083827,-0.4921542709203511,-0.42108069176705387,0.162221988602563,0.28880136595434636,0.7054426440938139,-0.360422790682042,46.13813780952381,11.681541794677836,1.0525714285714287,0.5220454225115786,0.378550291462728,0.19656696790528727,-0.498911109599693,0.9235576585499295,0.5961203468977032,0.6044322668012304,12,0.09163921072153569,UAT
UAT,UAT,uL6_25,-59.25379,-1.82705,2.462050248803351,2.453693442355611,0.47674275467016425,0.17161796612804334,-1.3690218418310562,-0.4930172597638428,-0.6111318959296795,-0.32366919911047975,-0.028359851750450665,0.1954254558143293,0.6675106461818834,1.6236572947314347,52.196041167434714,9.325064345382676,1.178110599078341,0.4081735282142289,0.3928580099412664,0.15751995767200697,-0.91066209591065606,0.6013920713527678,0.6051583169331736,0.613072665376295,11,-0.03709774284906571,UAT
UAT,UAT,uL6_35,-59.24456,-1.82715,0.7832703867949071,0.7856550087033328,0.47674275467016425,0.17161796612804334,-1.3916183397247899,-0.3939162372011859,-0.4921542709203511,-0.23473947378559779,0.162221988602563,0.37305216487686316,0.6295786482699545,0.9877917282421262,56.479072910052906,5.795125394386961,1.3812698412698412,0.6701436078661676,0.49902555387903685,0.12459641009391895,-1.3131809185554493,0.4227367138272966,0.9558205043519259,0.32598502464322715,8,0.2139268786157844,UAT
UAT,UAT,uL6_45,-59.23558,-1.82728,0.5998436435508587,0.6034018947514559,0.47674275467016425,0.17161796612804334,-1.4116570272513393,-0.3335849618901829,-0.22755980148315494,-0.23473947378559779,-0.028359851750450665,0.24337586282816887,0.7244086430497783,0.8848161497589876,56.08618294372294,7.848675188115412,1.4675324675324675,0.5502181382691536,0.4940713937096901,0.18453884294912487,-1.3190102707707467,0.43074084332821067,0.8836001732559109,0.5226645642797704,10,0.028141055396372575,UAT
VIR,VIR,Vir_L1_15,-61.017056,1.486028,0.0012164973875006882,0.008604977165462737,1.960447879670206,-1.4566496924994443,-0.5085367028481711,-0.2502403412969745,-0.09660807435393211,0.05928515344307818,-0.7617872274586978,-0.4482398262147126,-0.034231315188815434,0.4451790092932699,51.608048383418364,11.704321067385555,1.6530612244897958,2.5479361470856503,0.35413524072312264,0.19771410959486296,-1.0279020659123508,1.2945722592887698,0.503101673160574,0.5154527621619844,3,-0.7579573707018643,VIR
VIR,VIR,Vir_L1_25,-61.024139,1.486111,-0.9682727991891555,-0.954681183397405,1.960447879670206,-1.4566496924994443,-0.5216982845211057,-0.42571816551055663,-0.22755980148315494,-0.42108069176705387,-0.48295108025762135,-0.3048913934080324,0.28819066706258645,-1.9799493940447586,64.0729101125,0,5,0,0.6047565858,0,-2.797157991464443,0,1.0540624451960858,0,1,-0.6198422981864165,VIR
VIR,VIR,Vir_L1_35,-61.034139,1.485389,-0.6698702860904767,-0.6581879553028449,1.960447879670206,-1.4566496924994443,-0.5355707488188026,0.18040899632697932,0.6203136282152985,-0.006676254779691658,-0.7617872274586978,-0.7574958401106655,0.819238637829602,-0.5403256633284018,50.519999999999996,0,1,0,0.3023782929,0,-0.7282020538436663,0,0.3679487652647791,0,1,-1.0195785205648933,VIR
VIR,VIR,Vir_L2_05,-61.006278,1.476611,-0.10179401802372662,-0.09374644047108814,2.0293541355152724,-1.4309849439650535,-0.47605210106035145,0.5019683758726551,0.8227115092087817,0.33721421813788344,0.3346242339605516,-0.08803587060038166,-0.2807893016163571,0.3447672928381282,55.92803585434174,13.436750643368184,1.5512605042016807,0.4018874458268497,0.2013523207831547,0.10607360908893969,-1.0946016832484158,0.7242803401739724,-0.46483647097644165,1.003578562292111,6,-0.3878345067291161,VIR
VIR,VIR,Vir_L2_25,-61.024361,1.476889,-0.8499564760635243,-0.8371218900271215,1.960447879670206,-1.4566496924994443,-0.4984032077403443,-0.01877817690703462,0.2247674316488797,0.17966496320176467,-0.24141222300743073,-0.03491847037531956,0.13646267541486942,-1.1528485228225431,50.519999999999996,0,1,0,0.3023782929,0,-0.7282020538436663,0,0.3679487652647791,0,1,-0.32642013268768877,VIR
VIR,VIR,Vir_L2_35,-61.03375,1.477028,-0.8252971191903177,-0.8126203124561076,1.960447879670206,-1.4566496924994443,-0.5107007936077933,-0.15019344881999563,0.10578980663955104,-0.23473947378559779,0.3346242339605516,-0.570920100902139,1.0088986273892513,-1.04278734400846,50.519999999999996,0,1,0,0.3023782929,0,-0.7282020538436663,0,0.3679487652647791,0,1,-0.8673822478633566,VIR
VIR,VIR,Vir_L2_45,-61.043222,1.476333,-0.5554411522256464,-0.5444909795792237,1.960447879670206,-1.4566496924994443,-0.5250640403329743,0.24289676262122928,0.4391394147622569,0.4301916600316666,-0.028359851750450665,-0.20521702254449578,0.5347486534901307,-0.28664567316032885,50.075717647058816,1.3351590242364373,1.3529411764705883,1.0606601717798212,0.48070987598235293,0.5359227547133718,-0.9805901088263835,0.7584775469672408,0.7618530336240525,1.1837626120044633,2,-0.5168165456351375,VIR
VIR,VIR,Vir_L3_15,-61.016778,1.469111,-0.3777844555405995,-0.36797099338411093,1.9116946039500913,-1.4106627079445746,-0.46605052936269487,-0.4930172597638428,-0.09660807435393211,-0.42108069176705387,-1.4952146031669449,-0.2371793909236161,0.2312926701946932,0.010500057870935817,38.646857142857144,14.692264699494077,2.142857142857143,1.414213562373095,0.4222189766237169,0.14829528021537694,-0.7860903475636952,0.07163310882131445,0.8878621159432935,0.6433599478148446,2,-0.5505039102899039,VIR
VIR,VIR,Vir_L3_25,-61.026333,1.468333,-0.2715548615227715,-0.262421093946418,1.9116946039500913,-1.4106627079445746,-0.4760233923389667,0.020976698453319217,0.2600500920797639,0.23492420978532688,-0.48295108025762135,0.21009241439320334,-0.2807893016163571,0.15293604058887783,50.519999999999996,0,1,0,0.3023782929,0,-0.7282020538436663,0,0.3679487652647791,0,1,-0.017334731242503496,VIR
VIR,VIR,Vir_L3_35,-61.03525,1.46775,-0.17188489938254514,-0.16338885553746763,1.9116946039500913,-1.4106627079445746,-0.48676865662868324,-0.3049116832528814,-0.03982703778831659,-0.15293205671052057,-0.7617872274586978,-0.09491148696237145,0.022666681679079512,0.27005206401008175,43.12198717948718,14.434966492577802,1.8461538461538463,1.2716215146794838,0.423216428383271,0.20466387058570454,-0.8558624058596276,0.40208266591163,0.8141088931073063,0.6564525854855935,3,-0.39564681376851596,VIR
VIR,VIR,Vir_L4_25,-61.025028,1.458278,-0.11060093119272892,-0.10249700388930737,1.9116946039500913,-1.4106627079445746,-0.45477347018637587,-0.5659308622325807,-0.1588046627976451,-0.42108069176705387,-2.0155896076182125,-0.16686025059965126,0.07956467854697447,0.33568598915150394,43.397499999999994,0,1.3,0,0.2002765317,0,-0.5618708945497191,0,-0.14636999672255682,0,1,-0.47555734009797157,VIR
VIR,VIR,Vir_L5_05,-61.007222,1.450861,-0.3450470334847908,-0.3354430369536269,1.9521591931623783,-1.3889177752795523,-0.4386965862109206,0.16406353630189033,0.46473368558906386,-0.07719021884947905,0.49201515270081714,-0.6076441660440097,1.1985586169488989,0.05663956133766138,53.71252522982954,4.7837154449738035,1.6931818181818181,1.2139655869718597,0.19782216245363637,0.6497282425770979,-1.0002832081866724,0.8312733701243082,-1.1801378535991096,2.4918110289270854,3,-0.8986539543003053,VIR
VIR,VIR,Vir_L5_15,-61.015389,1.449889,-0.9969408199875631,-0.9831657760415394,1.9116946039500913,-1.4106627079445746,-0.4261331029001682,-0.3939162372011859,-0.03982703778831659,-0.42108069176705387,-0.7617872274586978,-1.0157081315962055,0.9520006305213564,-2.3592713165867187,64.0729101125,0,5,0,0.6047565858,0,-2.797157991464443,0,1.0540624451960858,0,1,-1.2048264180759234,VIR
VIR,VIR,Vir_L5_25,-61.024222,1.449833,-0.9969408199875631,-0.9831657760415394,1.9116946039500913,-1.4106627079445746,-0.4329596267208698,-0.5287143243600247,0.012406452457029395,-0.5287641010142742,-2.0155896076182125,-0.9207899774568428,0.876136634697497,-2.3592713165867187,46.23530138799019,14.619722694361677,1.807843137254902,2.6162950903902265,0.2557934018705883,0.28601058910881166,-0.8686750058909557,1.5805866641271928,0.01839524040353141,0.8488339200369988,2,-1.1399288105995393,VIR
VIR,VIR,Vir_L6_05,-61.007056,1.440583,0.089346366409724,0.09617096006088446,1.9521591931623783,-1.3889177752795523,-0.42011794222908017,-0.12687322280099267,0.10578980663955104,0.12124637222373225,-0.7617872274586978,-0.2371793909236161,0.34508866393048143,0.5236151299323959,50.519999999999996,0,1,0,0.3023782929,0,-0.7282020538436663,0,0.3679487652647791,0,1,-0.5505039102899039,VIR
VIR,VIR,Vir_L6_15,-61.017333,1.441278,-0.5653413373742491,-0.5543278198355667,1.9116946039500913,-1.4106627079445746,-0.4261331029001682,-0.4587204463083827,-0.1588046627976451,-0.32366919911047975,-1.0915803915569517,-1.0157081315962055,0.7244086430497783,-0.306178810035994,46.57833232499999,14.619722694361672,1.8692307692307693,2.616295090390226,0.26250423233076925,0.28601058910881166,-0.9057612171519843,1.5805866641271924,0.03831191741877282,0.8488339200369988,2,-1.2048264180759234,VIR
VIR,VIR,Vir_L6_25,-61.025472,1.441639,-0.9872835841677606,-0.9735703306381129,1.9116946039500913,-1.4106627079445746,-0.4329596267208698,-0.7330003846385286,-0.1588046627976451,-0.6491439107729605,-4.0028193634859734,-1.3556023445846714,0.8002726388736376,-2.2144998962901195,43.397499999999994,0,1.3,0,0.2002765317,0,-0.5618708945497191,0,-0.14636999672255682,0,1,-1.4100179002367241,VIR
